rank,label,w_f1,w_decay,w_precision,w_recall,J,tau_native,min_agree,pairwise_tau,dispersion,J_boot,J_lo,J_hi
1,random_059,0.85,0.0,0.05,0.1,0.5068175082150238,0.4961540534635612,0.0,0.16888497542207415,1.829613938084393,0.39575339468659104,0.22087597222690392,0.5511942854922413
2,only_recall,0.0,0.0,0.0,1.0,0.49437049809720623,0.3321936881056801,0.0,0.21245668922092423,1.7345290380816543,0.41462080910085947,0.21636847390062539,0.5910371935060681
3,random_010,0.25,0.15,0.05,0.55,0.48969670270730414,0.43889359326523697,-0.22360679774997896,0.13215500612421005,1.9507110104456997,0.3511254469776193,0.1687852411236017,0.5453465448807064
4,random_006,0.8,0.05,0.0,0.15,0.4761904761904763,0.4865126408842846,0.0,0.13572238503518763,1.8695299570967583,0.3556985191528977,0.16893916940500794,0.5022725027383415
5,random_007,0.65,0.2,0.05,0.1,0.4761904761904763,0.4865126408842846,0.0,0.13572238503518763,2.033927050761628,0.3300926723952632,0.12583220735700654,0.5022725027383413
6,random_015,0.15,0.2,0.1,0.55,0.4761904761904763,0.4865126408842846,0.0,0.13572238503518763,2.0319070079368546,,,
7,random_019,0.5,0.1,0.2,0.2,0.4761904761904763,0.4865126408842846,0.0,0.13572238503518763,1.9199884838576635,,,
8,random_029,0.0,0.2,0.25,0.55,0.4761904761904763,0.4865126408842846,0.0,0.13572238503518763,2.074084772291963,,,
9,random_042,0.6,0.15,0.0,0.25,0.4761904761904763,0.4865126408842846,0.0,0.13572238503518763,1.969988329916,,,
10,random_044,0.3,0.15,0.1,0.45,0.4761904761904763,0.4865126408842846,0.0,0.13572238503518763,1.9737604113681704,,,
11,random_045,0.35,0.2,0.0,0.45,0.4761904761904763,0.4865126408842846,0.0,0.13572238503518763,2.0156563918702326,,,
12,random_057,0.0,0.2,0.35,0.45,0.4761904761904763,0.4865126408842846,0.0,0.13572238503518763,2.076903550735335,,,
13,random_068,0.15,0.1,0.3,0.45,0.4761904761904763,0.4865126408842846,0.0,0.13572238503518763,1.939863185489688,,,
14,random_073,0.15,0.2,0.15,0.5,0.4761904761904763,0.4865126408842846,0.0,0.13572238503518763,2.051441645226127,,,
15,random_081,0.7,0.05,0.05,0.2,0.4761904761904763,0.4865126408842846,0.0,0.13572238503518763,1.8706427037922677,,,
16,random_083,0.05,0.1,0.45,0.4,0.4761904761904763,0.4865126408842846,0.0,0.13572238503518763,1.9303992548713786,,,
17,random_096,0.6,0.1,0.0,0.3,0.4761904761904763,0.4865126408842846,0.0,0.13572238503518763,1.9106704158126617,,,
18,random_062,0.0,0.3,0.0,0.7,0.4654883394575434,0.32393104267604195,-0.4082482904638631,0.09327421655622309,2.115788849621954,,,
19,only_f1,1.0,0.0,0.0,0.0,0.45919846059597624,0.5437731010826087,0.0,0.12278092962858735,1.8301748363673787,,,
20,random_079,0.8,0.0,0.15,0.05,0.45919846059597624,0.5437731010826087,0.0,0.12278092962858735,1.82462550351179,,,
21,random_039,0.35,0.0,0.1,0.55,0.4591984605959762,0.4485350058445135,-0.3333333333333334,0.12278092962858732,1.8095918911398168,,,
22,random_049,0.25,0.0,0.15,0.6,0.4591984605959762,0.4485350058445135,-0.3333333333333334,0.12278092962858732,1.812346086464911,,,
23,random_070,0.65,0.0,0.05,0.3,0.4591984605959762,0.4485350058445135,-0.3333333333333334,0.12278092962858732,1.8232666504006334,,,
24,random_099,0.1,0.0,0.3,0.6,0.4591984605959762,0.4485350058445135,-0.3333333333333334,0.12278092962858732,1.83454176652632,,,
25,random_016,0.8,0.05,0.1,0.05,0.4285714285714287,0.5341316885033323,0.0,0.08810333741614006,1.867401381660129,,,
26,random_017,0.85,0.1,0.05,0.0,0.4285714285714287,0.5341316885033323,0.0,0.08810333741614006,1.9122763499103645,,,
27,random_069,0.55,0.1,0.25,0.1,0.4285714285714287,0.5341316885033323,0.0,0.08810333741614006,1.8989841269770538,,,
28,random_003,0.1,0.05,0.25,0.6,0.42857142857142866,0.43889359326523697,-0.3333333333333334,0.08810333741614002,1.8759487655629237,,,
29,random_031,0.0,0.05,0.3,0.65,0.42857142857142866,0.43889359326523697,-0.3333333333333334,0.08810333741614002,1.8818619055310701,,,
30,random_056,0.45,0.05,0.05,0.45,0.42857142857142866,0.43889359326523697,-0.3333333333333334,0.08810333741614002,1.855677264016744,,,
31,random_064,0.1,0.05,0.4,0.45,0.42857142857142866,0.43889359326523697,-0.3333333333333334,0.08810333741614002,1.8890457578371391,,,
32,random_084,0.25,0.05,0.15,0.55,0.42857142857142866,0.43889359326523697,-0.3333333333333334,0.08810333741614002,1.8626170298125926,,,
33,random_087,0.4,0.05,0.05,0.5,0.42857142857142866,0.43889359326523697,-0.3333333333333334,0.08810333741614002,1.850690398036726,,,
34,random_098,0.2,0.05,0.2,0.55,0.42857142857142866,0.43889359326523697,-0.3333333333333334,0.08810333741614002,1.8708780845758974,,,
35,v1_original,0.35,0.35,0.15,0.15,0.42857142857142866,0.4191691379141372,0.0,0.06866294263214655,2.2756309550803167,0.3001244537828898,0.11677511630927787,0.49013666787346927
36,random_014,0.4,0.4,0.0,0.2,0.42857142857142866,0.4191691379141372,0.0,0.06866294263214655,2.4151354299568375,,,
37,random_018,0.15,0.4,0.15,0.3,0.42857142857142866,0.4191691379141372,0.0,0.06866294263214655,2.451440848110904,,,
38,random_027,0.15,0.25,0.3,0.3,0.42857142857142866,0.4191691379141372,0.0,0.06866294263214655,2.119879857811617,,,
39,random_052,0.4,0.45,0.05,0.1,0.42857142857142866,0.4191691379141372,0.0,0.06866294263214655,2.5134066576810534,,,
40,random_061,0.25,0.25,0.25,0.25,0.42857142857142866,0.4191691379141372,0.0,0.06866294263214655,2.1137304616232977,,,
41,random_066,0.45,0.3,0.1,0.15,0.42857142857142866,0.4191691379141372,0.0,0.06866294263214655,2.1926151350940084,,,
42,random_080,0.2,0.25,0.25,0.3,0.42857142857142866,0.4191691379141372,0.0,0.06866294263214655,2.128105653503396,,,
43,random_086,0.35,0.35,0.0,0.3,0.42857142857142866,0.4191691379141372,0.0,0.06866294263214655,2.2975011533642355,,,
44,random_090,0.2,0.3,0.15,0.35,0.42857142857142866,0.4191691379141372,0.0,0.06866294263214655,2.228393595143118,,,
45,random_089,0.05,0.0,0.55,0.4,0.4115794129769286,0.4009159582254659,-0.3333333333333334,0.10842291558113229,1.8304820025576078,,,
46,random_021,0.25,0.0,0.05,0.7,0.4115794129769286,0.40091595822546583,-0.3333333333333334,0.11769854889204888,1.7847765145264116,,,
47,random_072,0.15,0.0,0.15,0.7,0.4115794129769286,0.40091595822546583,-0.3333333333333334,0.11769854889204888,1.802083536273661,,,
48,random_051,0.65,0.1,0.25,0.0,0.38095238095238104,0.5817507361223797,0.0,0.059924684581085894,1.8771656770513698,,,
49,random_023,0.5,0.25,0.15,0.1,0.38095238095238104,0.46678818553318485,0.0,0.02104389501309894,2.090136116518374,,,
50,random_047,0.55,0.45,0.0,0.0,0.38095238095238104,0.46678818553318485,0.0,0.02104389501309894,2.476006279884299,,,
51,random_067,0.7,0.25,0.0,0.05,0.38095238095238104,0.46678818553318485,0.0,0.02104389501309894,2.1008012121070467,,,
52,random_095,0.4,0.25,0.2,0.15,0.38095238095238104,0.46678818553318485,0.0,0.02104389501309894,2.0932589924157115,,,
53,random_091,0.35,0.0,0.45,0.2,0.36396036535788096,0.5437731010826087,0.0,0.06437124687306224,1.8069195832089313,,,
54,random_088,0.1,0.2,0.7,0.0,0.354737606799199,0.438893593265237,-0.3333333333333334,0.05832118435198043,1.7302898879845856,,,
55,random_026,0.05,0.4,0.55,0.0,0.354737606799199,0.41916913791413724,0.0,0.026575152605948664,1.8642034022689054,,,
56,random_060,0.2,0.55,0.1,0.15,0.3440354700662662,0.4516087356587675,-0.6666666666666669,0.028178652835054115,2.8310799579875803,,,
57,random_046,0.55,0.2,0.25,0.0,0.3333333333333334,0.5341316885033323,0.0,0.044051668708070015,1.9621731161520848,,,
58,random_050,0.3,0.1,0.4,0.2,0.3333333333333334,0.5341316885033323,0.0,0.044051668708070015,1.8900030930362854,,,
59,random_009,0.4,0.25,0.25,0.1,0.3333333333333334,0.5144072331522324,0.0,-0.00713475782195522,2.057354955636251,,,
60,random_038,0.5,0.3,0.2,0.0,0.3333333333333334,0.5144072331522324,0.0,-0.00713475782195522,2.0953496306162798,,,
61,random_077,0.05,0.35,0.55,0.05,0.3071185591801514,0.3715500902950896,-0.3333333333333334,-0.00873825805106068,1.8888799925404587,,,
62,random_032,0.15,0.15,0.7,0.0,0.3044876971329114,0.39127454564618935,-0.5477225575051662,0.02300777369497109,1.7229816819620667,,,
63,random_085,0.2,0.1,0.7,0.0,0.3044876971329114,0.39127454564618935,-0.5477225575051662,0.02300777369497109,1.7149523219083773,,,
64,random_063,0.1,0.6,0.15,0.15,0.2964164224472186,0.5037727887544976,-0.6666666666666669,-0.03174603174603175,2.9316753223675396,,,
65,random_065,0.15,0.55,0.2,0.1,0.2964164224472185,0.4992277832778152,-0.6666666666666669,-0.04405166870807003,2.620739624519238,,,
66,random_055,0.2,0.5,0.15,0.15,0.29276409372864753,0.39944468256303745,-0.9128709291752769,-0.007134757821955215,2.62949082274971,,,
67,random_001,0.15,0.15,0.45,0.25,0.28571428571428575,0.48651264088428464,0.0,0.015873015873015886,1.9359927951523543,,,
68,random_005,0.0,0.05,0.6,0.35,0.28571428571428575,0.48651264088428464,0.0,0.015873015873015886,1.8477723826473913,,,
69,random_024,0.25,0.1,0.5,0.15,0.28571428571428575,0.48651264088428464,0.0,0.015873015873015886,1.8443553366357426,,,
70,random_025,0.05,0.15,0.5,0.3,0.28571428571428575,0.48651264088428464,0.0,0.015873015873015886,1.9387882120954747,,,
71,random_035,0.15,0.05,0.55,0.25,0.28571428571428575,0.48651264088428464,0.0,0.015873015873015886,1.8303158340991144,,,
72,random_048,0.45,0.05,0.45,0.05,0.28571428571428575,0.48651264088428464,0.0,0.015873015873015886,1.8004671726820671,,,
73,random_076,0.45,0.15,0.35,0.05,0.28571428571428575,0.48651264088428464,0.0,0.015873015873015886,1.8979739304342795,,,
74,random_028,0.25,0.4,0.25,0.1,0.28571428571428575,0.46678818553318485,0.0,-0.03531341065700934,2.271773991916389,,,
75,random_075,0.3,0.0,0.7,0.0,0.274879401376036,0.4009159582254659,-0.3333333333333334,0.024424332335825787,1.6975185818509844,,,
76,random_094,0.35,0.0,0.65,0.0,0.26872227011978567,0.4485350058445135,0.0,0.022371955250409005,1.7101645402982872,,,
77,random_013,0.05,0.65,0.2,0.1,0.25949951156110374,0.5990108839925928,-0.3333333333333334,-0.07579770045410178,2.8353699094076297,,,
78,random_041,0.15,0.75,0.1,0.0,0.25949951156110374,0.5990108839925928,-0.3333333333333334,-0.07579770045410178,3.086693632556596,,,
79,random_020,0.05,0.7,0.25,0.0,0.25949951156110374,0.5037727887544976,-0.6666666666666669,-0.056357305670108306,2.5038114724432377,,,
80,random_092,0.1,0.6,0.3,0.0,0.25949951156110374,0.5037727887544976,-0.6666666666666669,-0.056357305670108306,2.3104820614566393,,,
81,random_012,0.15,0.55,0.25,0.05,0.25949951156110374,0.4992277832778152,-0.3333333333333334,-0.05635730567010829,2.4457634747691506,,,
82,random_030,0.0,0.5,0.4,0.1,0.25949951156110374,0.39944468256303745,-0.3333333333333334,-0.05635730567010829,2.2019532153028765,,,
83,random_053,0.05,0.45,0.45,0.05,0.25949951156110374,0.39944468256303745,-0.3333333333333334,-0.05635730567010829,2.0368845802448,,,
84,random_008,0.0,0.4,0.4,0.2,0.24879737482817096,0.46678818553318485,-0.3333333333333334,-0.04761904761904764,2.2173416678275677,,,
85,random_058,0.15,0.5,0.25,0.1,0.24879737482817094,0.44706373018208506,-0.6666666666666669,-0.07936507936507939,2.441516962539201,,,
86,random_071,0.2,0.5,0.2,0.1,0.24879737482817094,0.44706373018208506,-0.6666666666666669,-0.07936507936507939,2.5127628185362907,,,
87,random_004,0.3,0.6,0.05,0.05,0.23809523809523814,0.5990108839925928,-0.3333333333333334,-0.08293245827605698,2.9260244221066816,,,
88,random_074,0.4,0.55,0.05,0.0,0.23809523809523814,0.5990108839925928,-0.3333333333333334,-0.08293245827605698,2.701451715916803,,,
89,random_078,0.1,0.35,0.35,0.2,0.23809523809523814,0.4191691379141372,0.0,-0.05118642653002522,2.194948295404921,,,
90,only_precision,0.0,0.0,1.0,0.0,0.2272603537569884,0.3532969106064182,-0.3333333333333334,-0.02470971710878267,1.6413793077269163,,,
91,random_002,0.0,0.0,0.95,0.05,0.2272603537569884,0.3532969106064182,-0.3333333333333334,-0.02470971710878267,1.6609471330610304,,,
92,random_034,0.05,0.6,0.25,0.1,0.21188046394205612,0.5513918363735453,-0.6666666666666669,-0.09167071632711765,2.614139139760096,,,
93,random_033,0.15,0.3,0.45,0.1,0.20865621238292048,0.3715500902950896,-0.18257418583505539,-0.047619047619047616,1.9835038432138483,,,
94,random_036,0.35,0.25,0.4,0.0,0.20865621238292048,0.3715500902950896,-0.18257418583505539,-0.047619047619047616,1.9193037037590206,,,
95,random_000,0.2,0.15,0.5,0.15,0.20117832720912335,0.43889359326523697,-0.3333333333333334,0.019440394783993467,1.8761955476373382,,,
96,random_043,0.15,0.1,0.6,0.15,0.20117832720912335,0.43889359326523697,-0.3333333333333334,0.019440394783993467,1.8083616312918667,,,
97,random_093,0.2,0.15,0.6,0.05,0.20117832720912335,0.43889359326523697,-0.3333333333333334,0.019440394783993467,1.786509860242762,,,
98,random_022,0.2,0.35,0.45,0.0,0.20117832720912335,0.41916913791413724,-0.3333333333333334,-0.044051668708070015,1.9380286995695133,,,
99,random_054,0.25,0.4,0.35,0.0,0.20117832720912335,0.41916913791413724,-0.3333333333333334,-0.044051668708070015,2.07162863685186,,,
100,random_011,0.1,0.45,0.3,0.15,0.20117832720912335,0.39944468256303745,-0.6666666666666669,-0.09523809523809526,2.35172786601062,,,
101,random_037,0.0,0.45,0.4,0.15,0.20117832720912335,0.39944468256303745,-0.6666666666666669,-0.09523809523809526,2.2197494288242976,,,
102,random_082,0.0,0.8,0.15,0.05,0.17993936609571812,0.651174937088323,-0.5477225575051662,-0.0793650793650794,3.1125146809033493,,,
103,random_097,0.1,0.75,0.05,0.1,0.15355927959007568,0.5559368418502277,-0.6666666666666669,-0.0670594424030411,3.6385668293943936,,,
104,only_decay,0.0,1.0,0.0,0.0,0.12747725304221064,0.6863469745895531,-0.3333333333333334,-0.1358759323373806,3.9337436894181024,,,
105,random_040,0.0,1.0,0.0,0.0,0.12747725304221064,0.6863469745895531,-0.3333333333333334,-0.1358759323373806,3.9337436894181024,0.20021383331068954,0.028509193520839495,0.390042391905746
