design,seed,n,K,min_pairwise_L1,mean_nearest_L1,centred_L2_discrepancy,mean_distinct_values_per_weight,share_with_a_zero_weight,best_J_found,mean_J,regret,best_weights
uniform_lattice,0,100,9,0.29999999999999993,0.479,2.5865426853000337,10.11111111111111,0.98,0.4315857857452906,0.4148307080570441,0.010413697420654067,"[0.2, 0.35, 0.3, 0.0, 0.0, 0.0, 0.0, 0.05, 0.1]"
dirichlet_lattice,0,100,9,0.2,0.42599999999999993,2.668269576251946,9.444444444444445,0.93,0.42984845266037547,0.4148102391137076,0.012151030505569205,"[0.15, 0.3, 0.25, 0.1, 0.05, 0.0, 0.05, 0.05, 0.05]"
lhs_simplex,0,100,9,0.19999999999999996,0.4029999999999999,2.6580955909634576,9.444444444444445,0.89,0.43401807424304367,0.4159975781095164,0.007981408922901001,"[0.05, 0.4, 0.05, 0.05, 0.25, 0.0, 0.05, 0.1, 0.05]"
uniform_lattice,1,100,9,0.2,0.44299999999999995,2.6140415008350333,10.11111111111111,0.93,0.4303498087273573,0.4148313042485416,0.011649674438587387,"[0.6, 0.05, 0.1, 0.05, 0.05, 0.0, 0.0, 0.05, 0.1]"
dirichlet_lattice,1,100,9,0.19999999999999998,0.42300000000000004,2.6654902448836904,10.0,0.85,0.4327606768890057,0.4151752510850034,0.00923880627693896,"[0.3, 0.2, 0.15, 0.1, 0.05, 0.0, 0.0, 0.2, 0.0]"
lhs_simplex,1,100,9,0.19999999999999998,0.412,2.6911566443724917,9.88888888888889,0.9,0.4296683977110227,0.41577071215616335,0.012331085454921953,"[0.05, 0.3, 0.1, 0.0, 0.1, 0.05, 0.05, 0.3, 0.05]"
uniform_lattice,2,100,9,0.29999999999999993,0.45099999999999996,2.602457855551869,10.333333333333334,0.95,0.4348898412549839,0.4159255787878194,0.007109641910960751,"[0.3, 0.35, 0.0, 0.0, 0.2, 0.1, 0.0, 0.05, 0.0]"
dirichlet_lattice,2,100,9,0.2,0.4109999999999999,2.658431633124758,9.444444444444445,0.85,0.43181646322084216,0.4153852951441164,0.010183019945102512,"[0.1, 0.45, 0.05, 0.05, 0.1, 0.0, 0.0, 0.1, 0.15]"
lhs_simplex,2,100,9,0.2,0.41099999999999987,2.6671579560058962,10.222222222222221,0.87,0.431545784629412,0.41487656832667175,0.010453698536532663,"[0.25, 0.45, 0.05, 0.0, 0.05, 0.0, 0.05, 0.05, 0.1]"
uniform_lattice,3,100,9,0.19999999999999996,0.447,2.571089843114627,10.777777777777779,0.95,0.43325015497711455,0.41570166556510146,0.008749328188830119,"[0.2, 0.3, 0.05, 0.15, 0.05, 0.2, 0.0, 0.05, 0.0]"
dirichlet_lattice,3,100,9,0.19999999999999996,0.4079999999999999,2.728924353598315,9.444444444444445,0.92,0.43339733262831026,0.4152777747459176,0.008602150537634412,"[0.25, 0.4, 0.0, 0.05, 0.15, 0.05, 0.05, 0.05, 0.0]"
lhs_simplex,3,100,9,0.2,0.412,2.6837399635614623,9.0,0.88,0.42915507422989424,0.41490111520179696,0.012844408936050433,"[0.4, 0.2, 0.0, 0.05, 0.2, 0.05, 0.0, 0.05, 0.05]"
uniform_lattice,4,100,9,0.2,0.47200000000000003,2.617003623709723,10.88888888888889,0.99,0.43468384673338695,0.4149382253481287,0.007315636432557726,"[0.0, 0.45, 0.05, 0.0, 0.15, 0.25, 0.0, 0.1, 0.0]"
dirichlet_lattice,4,100,9,0.2,0.38099999999999995,2.7066276297009573,9.11111111111111,0.93,0.4282348890161661,0.41487618457799796,0.013764594149778597,"[0.2, 0.3, 0.05, 0.05, 0.05, 0.15, 0.05, 0.05, 0.1]"
lhs_simplex,4,100,9,0.19999999999999996,0.4239999999999998,2.676241607497093,9.333333333333334,0.88,0.42792016452591247,0.4148851563192774,0.014079318640032201,"[0.05, 0.35, 0.1, 0.0, 0.25, 0.2, 0.0, 0.05, 0.0]"
uniform_lattice,5,100,9,0.2,0.434,2.5659016828569805,10.333333333333334,0.98,0.4403627622413796,0.41569939378238485,0.0016367209245650716,"[0.05, 0.6, 0.2, 0.05, 0.1, 0.0, 0.0, 0.0, 0.0]"
dirichlet_lattice,5,100,9,0.2,0.3989999999999999,2.635590369335221,9.555555555555555,0.9,0.4289490797082974,0.41576896904808974,0.013050403457647297,"[0.45, 0.0, 0.05, 0.05, 0.25, 0.05, 0.0, 0.1, 0.05]"
lhs_simplex,5,100,9,0.19999999999999998,0.4129999999999999,2.6610743181141108,9.666666666666666,0.88,0.43118740405361167,0.41548214897650787,0.010812079112333006,"[0.05, 0.4, 0.0, 0.1, 0.0, 0.25, 0.0, 0.1, 0.1]"
uniform_lattice,6,100,9,0.29999999999999993,0.4910000000000001,2.5609184699426923,10.666666666666666,1.0,0.4336549315510021,0.41572373296260373,0.008344551614942575,"[0.1, 0.35, 0.1, 0.0, 0.15, 0.25, 0.0, 0.05, 0.0]"
dirichlet_lattice,6,100,9,0.19999999999999996,0.3999999999999999,2.67496077407598,9.333333333333334,0.82,0.432022457742439,0.41654473732658787,0.009977025423505648,"[0.25, 0.3, 0.0, 0.2, 0.0, 0.2, 0.0, 0.05, 0.0]"
lhs_simplex,6,100,9,0.19999999999999996,0.4159999999999999,2.6773442965741396,9.222222222222221,0.93,0.4294017784182447,0.4153942095916133,0.0125977047477,"[0.2, 0.05, 0.2, 0.15, 0.0, 0.0, 0.1, 0.25, 0.05]"
uniform_lattice,7,100,9,0.19999999999999996,0.4709999999999999,2.5676722254682325,10.444444444444445,0.98,0.4419994831659447,0.4154886377986815,0.0,"[0.1, 0.6, 0.0, 0.0, 0.2, 0.0, 0.05, 0.05, 0.0]"
dirichlet_lattice,7,100,9,0.29999999999999993,0.402,2.675154277709318,9.222222222222221,0.85,0.4319474404509699,0.41560647839753156,0.010052042714974785,"[0.1, 0.35, 0.0, 0.15, 0.05, 0.0, 0.05, 0.2, 0.1]"
lhs_simplex,7,100,9,0.19999999999999998,0.413,2.673924630618066,9.444444444444445,0.86,0.43038277146456977,0.4149734164536957,0.011616711701374904,"[0.15, 0.4, 0.05, 0.2, 0.1, 0.0, 0.0, 0.05, 0.05]"
uniform_lattice,8,100,9,0.2,0.44799999999999995,2.5866860688420585,10.333333333333334,0.99,0.4363397334323243,0.41549798534671717,0.005659749733620378,"[0.15, 0.65, 0.0, 0.0, 0.05, 0.05, 0.0, 0.1, 0.0]"
dirichlet_lattice,8,100,9,0.19999999999999996,0.40699999999999986,2.65542222076968,9.444444444444445,0.93,0.4303827714645699,0.4149845499336386,0.011616711701374793,"[0.15, 0.3, 0.05, 0.05, 0.2, 0.05, 0.0, 0.1, 0.1]"
lhs_simplex,8,100,9,0.2,0.4099999999999999,2.682608312877122,10.11111111111111,0.85,0.4373043523493123,0.41444992590431773,0.004695130816632365,"[0.5, 0.2, 0.15, 0.05, 0.0, 0.0, 0.0, 0.05, 0.05]"
uniform_lattice,9,100,9,0.20000000000000004,0.47700000000000004,2.546767923104832,10.777777777777779,0.97,0.43339733262831026,0.41641759263177613,0.008602150537634412,"[0.1, 0.45, 0.0, 0.0, 0.15, 0.0, 0.05, 0.15, 0.1]"
dirichlet_lattice,9,100,9,0.09999999999999999,0.4079999999999999,2.691366729772629,10.0,0.9,0.43913209965339983,0.41508972421231144,0.002867383512544841,"[0.35, 0.4, 0.0, 0.0, 0.1, 0.0, 0.05, 0.05, 0.05]"
lhs_simplex,9,100,9,0.29999999999999993,0.43099999999999994,2.6699427283779613,9.666666666666666,0.9,0.43181646322084216,0.41486768805610197,0.010183019945102512,"[0.4, 0.2, 0.05, 0.0, 0.15, 0.05, 0.0, 0.1, 0.05]"
uniform_lattice,10,100,9,0.29999999999999993,0.469,2.6062315436861887,10.666666666666666,0.97,0.43481482396351473,0.4151371247594539,0.007184659202429944,"[0.2, 0.3, 0.0, 0.05, 0.25, 0.05, 0.05, 0.05, 0.05]"
dirichlet_lattice,10,100,9,0.19999999999999998,0.3819999999999999,2.6818675190986405,9.333333333333334,0.86,0.4308205107756697,0.41506104211766137,0.011178972390274988,"[0.4, 0.2, 0.15, 0.0, 0.05, 0.05, 0.0, 0.05, 0.1]"
lhs_simplex,10,100,9,0.29999999999999993,0.41199999999999987,2.6718563367141543,9.777777777777779,0.86,0.4303827714645699,0.41532646028711523,0.011616711701374793,"[0.1, 0.4, 0.05, 0.0, 0.25, 0.1, 0.0, 0.05, 0.05]"
uniform_lattice,11,100,9,0.19999999999999998,0.45899999999999996,2.5962739396600583,10.666666666666666,0.96,0.4347168094705995,0.41481999482238435,0.007282673695345188,"[0.15, 0.35, 0.1, 0.1, 0.0, 0.05, 0.0, 0.2, 0.05]"
dirichlet_lattice,11,100,9,0.19999999999999996,0.39599999999999996,2.6478373763216476,9.555555555555555,0.92,0.43085091325973374,0.4160802984850775,0.011148569906210937,"[0.35, 0.2, 0.1, 0.05, 0.05, 0.1, 0.1, 0.05, 0.0]"
lhs_simplex,11,100,9,0.19999999999999998,0.408,2.667891515120952,9.555555555555555,0.87,0.43271583617292037,0.41596500275872245,0.009283646993024308,"[0.35, 0.25, 0.15, 0.0, 0.1, 0.0, 0.05, 0.05, 0.05]"
uniform_lattice,12,100,9,0.19999999999999996,0.4759999999999999,2.572576610353299,10.666666666666666,0.97,0.4290962573594931,0.41565139288279196,0.01290322580645159,"[0.25, 0.25, 0.0, 0.15, 0.05, 0.05, 0.05, 0.0, 0.2]"
dirichlet_lattice,12,100,9,0.09999999999999999,0.3879999999999999,2.6615548008951344,9.333333333333334,0.85,0.43483102438458265,0.4163309737530846,0.007168458781362019,"[0.2, 0.45, 0.0, 0.05, 0.1, 0.05, 0.05, 0.05, 0.05]"
lhs_simplex,12,100,9,0.29999999999999993,0.4179999999999999,2.6708195692193177,9.777777777777779,0.91,0.43255123033884446,0.4148880867313235,0.009448252827100212,"[0.45, 0.1, 0.05, 0.0, 0.2, 0.0, 0.05, 0.0, 0.15]"
uniform_lattice,13,100,9,0.3,0.46299999999999997,2.570588223709106,10.444444444444445,1.0,0.43349017954987545,0.41567320102863503,0.00850930361606922,"[0.3, 0.2, 0.3, 0.05, 0.0, 0.05, 0.0, 0.05, 0.05]"
dirichlet_lattice,13,100,9,0.2,0.4059999999999999,2.648460490569641,9.777777777777779,0.88,0.43339733262831026,0.41586670294615435,0.008602150537634412,"[0.1, 0.5, 0.0, 0.1, 0.05, 0.1, 0.05, 0.05, 0.05]"
lhs_simplex,13,100,9,0.19999999999999998,0.38699999999999996,2.658351485635509,9.777777777777779,0.88,0.4347168094705995,0.41535033996968407,0.007282673695345188,"[0.45, 0.15, 0.15, 0.0, 0.05, 0.05, 0.0, 0.15, 0.0]"
uniform_lattice,14,100,9,0.2,0.463,2.617166346444377,10.0,0.98,0.4361505012268719,0.4161780414132923,0.005848981939072795,"[0.1, 0.4, 0.1, 0.0, 0.1, 0.0, 0.0, 0.2, 0.1]"
dirichlet_lattice,14,100,9,0.19999999999999998,0.41899999999999993,2.690992218517293,9.666666666666666,0.89,0.43055580324895415,0.4140413843429336,0.011443679916990523,"[0.1, 0.35, 0.0, 0.2, 0.05, 0.15, 0.0, 0.05, 0.1]"
lhs_simplex,14,100,9,0.2,0.39899999999999985,2.6690715683116424,9.555555555555555,0.84,0.43058876598616663,0.4149477756133851,0.01141071717977804,"[0.0, 0.55, 0.0, 0.05, 0.1, 0.1, 0.0, 0.15, 0.05]"
uniform_lattice,15,100,9,0.29999999999999993,0.4749999999999999,2.616321610327189,10.333333333333334,0.94,0.43769840789712733,0.4165447981756503,0.004301075268817345,"[0.0, 0.6, 0.0, 0.0, 0.2, 0.0, 0.05, 0.1, 0.05]"
dirichlet_lattice,15,100,9,0.19999999999999998,0.40099999999999997,2.7236414131525715,9.222222222222221,0.82,0.429652014228539,0.4150225565908246,0.012347468937405681,"[0.1, 0.1, 0.05, 0.0, 0.35, 0.05, 0.05, 0.2, 0.1]"
lhs_simplex,15,100,9,0.2,0.409,2.673131677123002,9.11111111111111,0.89,0.4308205107756698,0.4147014260625466,0.011178972390274877,"[0.1, 0.3, 0.15, 0.1, 0.15, 0.1, 0.0, 0.1, 0.0]"
uniform_lattice,16,100,9,0.29999999999999993,0.48900000000000005,2.610348642536148,10.666666666666666,0.98,0.43181646322084216,0.4151284246749136,0.010183019945102512,"[0.1, 0.45, 0.05, 0.05, 0.0, 0.1, 0.0, 0.05, 0.2]"
dirichlet_lattice,16,100,9,0.19999999999999998,0.3889999999999999,2.6938914356784562,9.222222222222221,0.88,0.43913209965339983,0.41514523750296556,0.002867383512544841,"[0.05, 0.55, 0.0, 0.05, 0.1, 0.15, 0.05, 0.05, 0.0]"
lhs_simplex,16,100,9,0.19999999999999996,0.415,2.667555743015759,9.11111111111111,0.86,0.42959626925010935,0.4146438483667613,0.01240321391583532,"[0.35, 0.45, 0.05, 0.05, 0.05, 0.0, 0.0, 0.0, 0.05]"
uniform_lattice,17,100,9,0.2,0.4709999999999999,2.616474941470611,10.333333333333334,0.98,0.43626471614085505,0.41533625743111935,0.0057347670250896265,"[0.05, 0.6, 0.0, 0.1, 0.15, 0.05, 0.05, 0.0, 0.0]"
dirichlet_lattice,17,100,9,0.2,0.407,2.618392368141016,9.666666666666666,0.91,0.4305299491157655,0.4148625295427948,0.011469534050179198,"[0.15, 0.4, 0.0, 0.05, 0.15, 0.0, 0.1, 0.05, 0.1]"
lhs_simplex,17,100,9,0.19999999999999996,0.3999999999999999,2.6658717584976372,9.333333333333334,0.9,0.4324653518386246,0.4150337250043641,0.009534131327320061,"[0.45, 0.1, 0.2, 0.05, 0.1, 0.05, 0.0, 0.0, 0.05]"
uniform_lattice,18,100,9,0.2,0.45299999999999996,2.6068684716863273,10.444444444444445,0.95,0.42969111587818426,0.4145655880118219,0.012308367287760413,"[0.25, 0.25, 0.1, 0.0, 0.15, 0.0, 0.05, 0.2, 0.0]"
dirichlet_lattice,18,100,9,0.19999999999999998,0.409,2.6663942775272433,9.333333333333334,0.9,0.42823488901616613,0.41510551272113927,0.013764594149778542,"[0.4, 0.15, 0.05, 0.1, 0.0, 0.0, 0.05, 0.15, 0.1]"
lhs_simplex,18,100,9,0.2,0.39599999999999985,2.676816558969057,9.11111111111111,0.86,0.4293911063853549,0.414793415830882,0.012608376780589792,"[0.35, 0.25, 0.0, 0.1, 0.0, 0.15, 0.0, 0.0, 0.15]"
uniform_lattice,19,100,9,0.2,0.47,2.5763385693588905,10.333333333333334,0.96,0.4308205107756698,0.4160828857416577,0.011178972390274877,"[0.2, 0.3, 0.15, 0.05, 0.25, 0.0, 0.0, 0.05, 0.0]"
dirichlet_lattice,19,100,9,0.19999999999999996,0.3919999999999999,2.6817730079422812,8.88888888888889,0.85,0.43339733262831026,0.41532448463593774,0.008602150537634412,"[0.2, 0.35, 0.0, 0.05, 0.15, 0.1, 0.05, 0.05, 0.05]"
lhs_simplex,19,100,9,0.19999999999999996,0.4039999999999999,2.6743015136089774,10.0,0.85,0.4305137486946975,0.4153407197418698,0.011485734471247178,"[0.1, 0.4, 0.0, 0.15, 0.05, 0.2, 0.05, 0.0, 0.05]"
