design,seed,n,K,min_pairwise_L1,mean_nearest_L1,centred_L2_discrepancy,mean_distinct_values_per_weight,share_with_a_zero_weight,best_J_found,best_rank_in_exhaustive,regret,share_of_grid_max
uniform_lattice,0,100,4,0.09999999999999992,0.16699999999999998,0.5156022412457701,17.0,0.45,0.42146582221277684,1,0.0,1.0
dirichlet_lattice,0,100,4,0.09999999999999992,0.163,0.5475610029923368,16.25,0.26,0.41762238608500935,18,0.0038434361277674967,0.9908807881322649
lhs_simplex,0,100,4,0.09999999999999994,0.162,0.5287220965283649,15.75,0.27,0.41905607784128174,4,0.002409744371495104,0.9942824678906501
uniform_lattice,1,100,4,0.09999999999999992,0.168,0.5091750516747398,17.25,0.57,0.4186146391213,5,0.002851183091476861,0.9932350787627153
dirichlet_lattice,1,100,4,0.09999999999999992,0.15599999999999997,0.537022721460798,15.75,0.27,0.4177212126117111,12,0.0037446096010657626,0.9911152710286072
lhs_simplex,1,100,4,0.09999999999999992,0.15299999999999994,0.5376738332691571,16.25,0.23,0.41635582973522983,49,0.00510999247754701,0.9878756658114801
uniform_lattice,2,100,4,0.09999999999999992,0.168,0.5374587654658725,17.5,0.42,0.41915490436798347,2,0.00231091784479337,0.9945169507869924
dirichlet_lattice,2,100,4,0.09999999999999998,0.163,0.5399951787671108,16.75,0.26,0.41731753314416686,26,0.004148289068609978,0.9901574722077566
lhs_simplex,2,100,4,0.09999999999999992,0.162,0.5448139398623043,15.75,0.32,0.41635582973522983,42,0.00510999247754701,0.9878756658114801
uniform_lattice,3,100,4,0.09999999999999992,0.16800000000000004,0.5481211554578737,16.75,0.39,0.41859843870023206,6,0.0028673835125447855,0.9931966404832295
dirichlet_lattice,3,100,4,0.09999999999999992,0.162,0.513952623369398,16.25,0.33,0.41830120570819596,9,0.003164616504580886,0.9924914041950874
lhs_simplex,3,100,4,0.09999999999999992,0.15899999999999995,0.5238596549570543,15.75,0.27,0.4177895214915022,10,0.003676300721274617,0.9912773455698654
uniform_lattice,4,100,4,0.09999999999999992,0.16399999999999998,0.5464506905772462,17.5,0.53,0.41731753314416686,26,0.004148289068609978,0.9901574722077566
dirichlet_lattice,4,100,4,0.09999999999999992,0.14199999999999996,0.5590300611448354,15.25,0.22,0.41762238608500935,20,0.0038434361277674967,0.9908807881322649
lhs_simplex,4,100,4,0.09999999999999992,0.144,0.5393731998140637,16.0,0.31,0.4177212126117111,15,0.0037446096010657626,0.9911152710286072
uniform_lattice,5,100,4,0.09999999999999992,0.18099999999999997,0.5171063655071114,17.0,0.44,0.41736560687756513,24,0.00410021533521171,0.9902715353912097
dirichlet_lattice,5,100,4,0.09999999999999995,0.161,0.5438211899930661,16.25,0.23,0.41832642983171336,8,0.003139392381063477,0.992551252757386
lhs_simplex,5,100,4,0.09999999999999992,0.166,0.5216235761179098,17.0,0.28,0.41679356904632975,35,0.004672253166447093,0.9889142774569077
uniform_lattice,6,100,4,0.09999999999999992,0.145,0.5337133864472337,16.0,0.4,0.41635582973522983,42,0.00510999247754701,0.9878756658114801
dirichlet_lattice,6,100,4,0.09999999999999998,0.165,0.5255213748978593,16.0,0.25,0.41905607784128174,4,0.002409744371495104,0.9942824678906501
lhs_simplex,6,100,4,0.09999999999999994,0.15799999999999997,0.5346547264264683,16.5,0.27,0.4177895214915022,10,0.003676300721274617,0.9912773455698654
uniform_lattice,7,100,4,0.09999999999999992,0.16299999999999998,0.5183340187241472,16.0,0.44,0.41915490436798347,2,0.00231091784479337,0.9945169507869924
dirichlet_lattice,7,100,4,0.09999999999999994,0.15499999999999997,0.5614468345039774,15.5,0.21,0.41635582973522983,41,0.00510999247754701,0.9878756658114801
lhs_simplex,7,100,4,0.09999999999999992,0.162,0.5218221466555076,15.75,0.29,0.41915490436798347,2,0.00231091784479337,0.9945169507869924
uniform_lattice,8,100,4,0.09999999999999992,0.14799999999999996,0.5222211011087994,17.25,0.47,0.41762238608500935,20,0.0038434361277674967,0.9908807881322649
dirichlet_lattice,8,100,4,0.09999999999999994,0.16399999999999998,0.5222414636669275,15.5,0.27,0.4176223860850094,17,0.003843436127767441,0.990880788132265
lhs_simplex,8,100,4,0.09999999999999992,0.16899999999999998,0.5411696516627548,16.75,0.28,0.41905607784128174,4,0.002409744371495104,0.9942824678906501
uniform_lattice,9,100,4,0.09999999999999992,0.16099999999999998,0.5257603746282369,18.0,0.5,0.41830120570819596,9,0.003164616504580886,0.9924914041950874
dirichlet_lattice,9,100,4,0.09999999999999992,0.14799999999999996,0.538325274765266,15.75,0.27,0.4177212126117111,12,0.0037446096010657626,0.9911152710286072
lhs_simplex,9,100,4,0.09999999999999992,0.15899999999999997,0.5382211612015654,16.75,0.31,0.41830120570819596,9,0.003164616504580886,0.9924914041950874
uniform_lattice,10,100,4,0.09999999999999992,0.17700000000000002,0.5356533737798398,17.75,0.5,0.41915490436798347,2,0.00231091784479337,0.9945169507869924
dirichlet_lattice,10,100,4,0.09999999999999992,0.16499999999999995,0.5182412958351659,16.0,0.26,0.41635582973522983,44,0.00510999247754701,0.9878756658114801
lhs_simplex,10,100,4,0.09999999999999994,0.15499999999999997,0.5243703860474956,16.0,0.24,0.41905607784128174,4,0.002409744371495104,0.9942824678906501
uniform_lattice,11,100,4,0.09999999999999995,0.15699999999999997,0.5596123467531781,16.25,0.36,0.41679356904632975,33,0.004672253166447093,0.9889142774569077
dirichlet_lattice,11,100,4,0.09999999999999998,0.172,0.5374117881521108,16.0,0.23,0.4177212126117111,16,0.0037446096010657626,0.9911152710286072
lhs_simplex,11,100,4,0.09999999999999992,0.16399999999999998,0.5375848386587799,15.5,0.27,0.41905607784128174,4,0.002409744371495104,0.9942824678906501
uniform_lattice,12,100,4,0.09999999999999992,0.16299999999999998,0.5248707173091287,16.75,0.42,0.41915490436798347,2,0.00231091784479337,0.9945169507869924
dirichlet_lattice,12,100,4,0.09999999999999992,0.15699999999999995,0.5777873100292071,16.75,0.24,0.4177212126117111,15,0.0037446096010657626,0.9911152710286072
lhs_simplex,12,100,4,0.09999999999999992,0.15099999999999997,0.5379169161475232,15.75,0.33,0.41905607784128174,4,0.002409744371495104,0.9942824678906501
uniform_lattice,13,100,4,0.09999999999999992,0.17500000000000004,0.5224543997800543,16.5,0.51,0.4177212126117111,15,0.0037446096010657626,0.9911152710286072
dirichlet_lattice,13,100,4,0.09999999999999992,0.15899999999999995,0.5387944428503434,16.25,0.29,0.41915490436798347,2,0.00231091784479337,0.9945169507869924
lhs_simplex,13,100,4,0.09999999999999994,0.15999999999999998,0.5272496817636306,16.5,0.29,0.41762238608500935,20,0.0038434361277674967,0.9908807881322649
uniform_lattice,14,100,4,0.09999999999999992,0.172,0.5442908027290877,15.75,0.37,0.4186146391213,5,0.002851183091476861,0.9932350787627153
dirichlet_lattice,14,100,4,0.09999999999999994,0.15699999999999997,0.5520786740579074,16.5,0.32,0.41830120570819596,9,0.003164616504580886,0.9924914041950874
lhs_simplex,14,100,4,0.09999999999999992,0.15199999999999997,0.5153466079580922,15.25,0.29,0.41905607784128174,4,0.002409744371495104,0.9942824678906501
uniform_lattice,15,100,4,0.09999999999999994,0.16699999999999995,0.4874344370234953,16.75,0.48,0.41915490436798347,2,0.00231091784479337,0.9945169507869924
dirichlet_lattice,15,100,4,0.09999999999999992,0.16699999999999995,0.5152895681354552,16.5,0.33,0.4177212126117111,13,0.0037446096010657626,0.9911152710286072
lhs_simplex,15,100,4,0.09999999999999992,0.168,0.5248356580631095,16.25,0.3,0.41734940645649726,25,0.004116415756279579,0.990233097111724
uniform_lattice,16,100,4,0.09999999999999992,0.16399999999999995,0.5355046526170776,16.75,0.4,0.41905607784128174,4,0.002409744371495104,0.9942824678906501
dirichlet_lattice,16,100,4,0.09999999999999992,0.179,0.5092977106297083,15.5,0.33,0.4177212126117111,11,0.0037446096010657626,0.9911152710286072
lhs_simplex,16,100,4,0.09999999999999994,0.15799999999999997,0.5383133346805083,15.75,0.27,0.41731753314416686,27,0.004148289068609978,0.9901574722077566
uniform_lattice,17,100,4,0.09999999999999992,0.16299999999999998,0.5119278296588539,16.75,0.44,0.4177212126117111,14,0.0037446096010657626,0.9911152710286072
dirichlet_lattice,17,100,4,0.09999999999999992,0.15999999999999998,0.5551480886730581,16.0,0.3,0.4177212126117111,14,0.0037446096010657626,0.9911152710286072
lhs_simplex,17,100,4,0.09999999999999992,0.152,0.5368989937212699,16.0,0.28,0.41679356904632975,35,0.004672253166447093,0.9889142774569077
uniform_lattice,18,100,4,0.09999999999999992,0.17600000000000002,0.4947260699251652,16.75,0.46,0.42146582221277684,1,0.0,1.0
dirichlet_lattice,18,100,4,0.09999999999999998,0.15499999999999997,0.5430823116188614,16.0,0.25,0.41686187792612095,31,0.004603944286655892,0.9890763519981661
lhs_simplex,18,100,4,0.09999999999999992,0.162,0.5248635107975448,15.25,0.24,0.4186146391213,5,0.002851183091476861,0.9932350787627153
uniform_lattice,19,100,4,0.09999999999999994,0.16799999999999998,0.52144973362088,16.25,0.45,0.4177212126117111,13,0.0037446096010657626,0.9911152710286072
dirichlet_lattice,19,100,4,0.09999999999999992,0.15699999999999995,0.5287955197290106,15.75,0.26,0.41635582973522983,49,0.00510999247754701,0.9878756658114801
lhs_simplex,19,100,4,0.09999999999999992,0.15599999999999997,0.5238796525513756,16.25,0.25,0.41854983743702834,7,0.0029159847757485036,0.9930813256447723
