,em_only,v1_original,top1,top2,top3,top4,top5,best_anchor,pareto_knee
em_only,0.9999999999999999,0.8222222222222221,0.7777777777777777,0.7777777777777777,0.7777777777777777,0.8222222222222221,0.7777777777777777,0.8222222222222221,0.8222222222222221
v1_original,0.8222222222222221,0.9999999999999999,0.8666666666666666,0.9555555555555554,0.9555555555555554,0.9999999999999999,0.8666666666666666,0.911111111111111,0.9999999999999999
top1,0.7777777777777777,0.8666666666666666,0.9999999999999999,0.911111111111111,0.911111111111111,0.8666666666666666,0.9999999999999999,0.8666666666666666,0.8666666666666666
top2,0.7777777777777777,0.9555555555555554,0.911111111111111,0.9999999999999999,0.9999999999999999,0.9555555555555554,0.911111111111111,0.8666666666666666,0.9555555555555554
top3,0.7777777777777777,0.9555555555555554,0.911111111111111,0.9999999999999999,0.9999999999999999,0.9555555555555554,0.911111111111111,0.8666666666666666,0.9555555555555554
top4,0.8222222222222221,0.9999999999999999,0.8666666666666666,0.9555555555555554,0.9555555555555554,0.9999999999999999,0.8666666666666666,0.911111111111111,0.9999999999999999
top5,0.7777777777777777,0.8666666666666666,0.9999999999999999,0.911111111111111,0.911111111111111,0.8666666666666666,0.9999999999999999,0.8666666666666666,0.8666666666666666
best_anchor,0.8222222222222221,0.911111111111111,0.8666666666666666,0.8666666666666666,0.8666666666666666,0.911111111111111,0.8666666666666666,0.9999999999999999,0.911111111111111
pareto_knee,0.8222222222222221,0.9999999999999999,0.8666666666666666,0.9555555555555554,0.9555555555555554,0.9999999999999999,0.8666666666666666,0.911111111111111,0.9999999999999999
