rank,combo,w_em,w_num_tol,w_num_decay,w_tok_prec,w_tok_rec,w_tok_f1,w_edit_sim,w_rouge_l,w_jaccard,J_tau_to_pooled,tau_to_kemeny,mean_pairwise_tau,min_dataset_agreement,scale_dispersion,borda_vs_kemeny,J_boot_mean,J_boot_lo,J_boot_hi
1,3,0.05,0.25,0.05,0.05,0.15,0.0,0.15,0.25,0.05,0.4761904761904763,0.4761904761904763,0.13572238503518763,0.0,2.0618323425563925,1.0,0.3339899978322328,0.1642805387914084,0.5024622458617717
2,9,0.05,0.05,0.0,0.1,0.1,0.15,0.2,0.15,0.2,0.4761904761904763,0.4761904761904763,0.13572238503518763,0.0,1.9509286011332592,1.0,0.3349102796591568,0.16041803400581245,0.5022725027383413
3,11,0.1,0.05,0.05,0.0,0.2,0.1,0.05,0.35,0.1,0.4761904761904763,0.4761904761904763,0.13572238503518763,0.0,1.968675819713153,1.0,0.35130392881348654,0.16882554426809088,0.5023861278752585
4,26,0.0,0.05,0.05,0.0,0.1,0.3,0.1,0.3,0.1,0.4761904761904763,0.4761904761904763,0.13572238503518763,0.0,1.9470095689849294,1.0,0.3397515234851245,0.15925972785138834,0.5022725027383413
5,31,0.05,0.25,0.1,0.05,0.1,0.2,0.0,0.25,0.0,0.4761904761904763,0.4761904761904763,0.13572238503518763,0.0,2.043243613063993,1.0,0.3417000423518452,0.15615128387643917,0.5022725027383415
6,33,0.05,0.05,0.0,0.3,0.25,0.15,0.05,0.0,0.15,0.4761904761904763,0.4761904761904763,0.13572238503518763,0.0,1.8800260247899054,1.0,,,
7,39,0.1,0.05,0.05,0.0,0.05,0.1,0.05,0.3,0.3,0.4761904761904763,0.4761904761904763,0.13572238503518763,0.0,1.9801532038463472,1.0,,,
8,41,0.0,0.15,0.05,0.05,0.15,0.05,0.05,0.15,0.35,0.4761904761904763,0.4761904761904763,0.13572238503518763,0.0,1.9618745188446443,1.0,,,
9,43,0.05,0.05,0.05,0.15,0.35,0.05,0.0,0.3,0.0,0.4761904761904763,0.4761904761904763,0.13572238503518763,0.0,1.9228241720522001,1.0,,,
10,45,0.05,0.1,0.1,0.15,0.2,0.05,0.0,0.2,0.15,0.4761904761904763,0.4761904761904763,0.13572238503518763,0.0,1.9974210606498797,1.0,,,
11,46,0.05,0.25,0.0,0.1,0.15,0.1,0.25,0.05,0.05,0.4761904761904763,0.4761904761904763,0.13572238503518763,0.0,2.017007755973073,1.0,,,
12,55,0.05,0.0,0.15,0.1,0.15,0.35,0.05,0.0,0.15,0.4761904761904763,0.4761904761904763,0.13572238503518763,0.0,2.0372620515530757,1.0,,,
13,57,0.1,0.2,0.05,0.15,0.25,0.2,0.05,0.0,0.0,0.4761904761904763,0.4761904761904763,0.13572238503518763,0.0,1.9926589610209802,1.0,,,
14,61,0.1,0.0,0.05,0.05,0.2,0.15,0.1,0.15,0.2,0.4761904761904763,0.4761904761904763,0.13572238503518763,0.0,1.9826007764543039,1.0,,,
15,72,0.05,0.0,0.0,0.25,0.2,0.0,0.05,0.15,0.3,0.4761904761904763,0.4761904761904763,0.13572238503518763,0.0,1.8959799035233253,1.0,,,
16,73,0.1,0.05,0.05,0.15,0.25,0.05,0.05,0.05,0.25,0.4761904761904763,0.4761904761904763,0.13572238503518763,0.0,1.97093533858998,1.0,,,
17,74,0.05,0.05,0.05,0.1,0.1,0.2,0.15,0.1,0.2,0.4761904761904763,0.4761904761904763,0.13572238503518763,0.0,1.9800942121888891,1.0,,,
18,78,0.1,0.0,0.05,0.15,0.25,0.05,0.05,0.2,0.15,0.4761904761904763,0.4761904761904763,0.13572238503518763,0.0,1.9614556598531319,1.0,,,
19,79,0.05,0.15,0.0,0.0,0.4,0.05,0.15,0.15,0.05,0.4761904761904763,0.4761904761904763,0.13572238503518763,0.0,1.9389579650674182,1.0,,,
20,80,0.05,0.0,0.1,0.05,0.15,0.25,0.2,0.05,0.15,0.4761904761904763,0.4761904761904763,0.13572238503518763,0.0,2.0585343744982874,1.0,,,
21,85,0.15,0.05,0.1,0.1,0.3,0.1,0.0,0.05,0.15,0.4761904761904763,0.4761904761904763,0.13572238503518763,0.0,2.019974854040132,1.0,,,
22,89,0.0,0.2,0.1,0.0,0.15,0.4,0.0,0.1,0.05,0.4761904761904763,0.4761904761904763,0.13572238503518763,0.0,1.981386715261006,1.0,,,
23,90,0.0,0.05,0.0,0.05,0.15,0.25,0.1,0.15,0.25,0.4761904761904763,0.4761904761904763,0.13572238503518763,0.0,1.9027767038538643,1.0,,,
24,92,0.05,0.05,0.1,0.2,0.25,0.0,0.15,0.15,0.05,0.4761904761904763,0.4761904761904763,0.13572238503518763,0.0,2.042647517480182,1.0,,,
25,96,0.05,0.05,0.05,0.05,0.15,0.1,0.1,0.15,0.3,0.4761904761904763,0.4761904761904763,0.13572238503518763,0.0,1.9793867366389044,1.0,,,
26,0,0.05,0.15,0.1,0.05,0.05,0.1,0.05,0.25,0.2,0.4285714285714287,0.4285714285714287,0.08810333741614006,0.0,2.0320297515531522,1.0,,,
27,20,0.05,0.05,0.05,0.25,0.1,0.05,0.05,0.1,0.3,0.4285714285714287,0.4285714285714287,0.08810333741614006,0.0,1.9255474267488732,1.0,,,
28,23,0.0,0.05,0.1,0.25,0.15,0.15,0.0,0.05,0.25,0.4285714285714287,0.4285714285714287,0.08810333741614006,0.0,1.9429587281728389,1.0,,,
29,49,0.0,0.3,0.05,0.1,0.05,0.3,0.05,0.1,0.05,0.4285714285714287,0.4285714285714287,0.08810333741614006,0.0,1.9689254470004425,1.0,,,
30,50,0.0,0.1,0.1,0.15,0.05,0.25,0.05,0.05,0.25,0.4285714285714287,0.4285714285714287,0.08810333741614006,0.0,1.968397150214849,1.0,,,
31,58,0.05,0.05,0.1,0.25,0.15,0.05,0.1,0.05,0.2,0.4285714285714287,0.4285714285714287,0.08810333741614006,0.0,1.9924365249066625,1.0,,,
32,69,0.15,0.05,0.0,0.2,0.1,0.05,0.05,0.4,0.0,0.4285714285714287,0.4285714285714287,0.08810333741614006,0.0,1.912584450325243,1.0,,,
33,75,0.0,0.0,0.1,0.15,0.1,0.05,0.2,0.25,0.15,0.4285714285714287,0.4285714285714287,0.08810333741614006,0.0,2.0195707934574356,1.0,,,
34,77,0.1,0.2,0.05,0.2,0.1,0.1,0.05,0.05,0.15,0.4285714285714287,0.4285714285714287,0.08810333741614006,0.0,1.9762804085566628,1.0,,,
35,81,0.1,0.1,0.05,0.2,0.05,0.05,0.0,0.2,0.25,0.4285714285714287,0.4285714285714287,0.08810333741614006,0.0,1.9372591752520005,1.0,,,
36,94,0.1,0.05,0.05,0.15,0.0,0.4,0.0,0.05,0.2,0.4285714285714287,0.4285714285714287,0.08810333741614006,0.0,1.915167933624626,1.0,,,
37,98,0.0,0.05,0.0,0.05,0.05,0.35,0.25,0.2,0.05,0.4285714285714287,0.4285714285714287,0.08810333741614006,0.0,1.9425114743745522,1.0,,,
38,4,0.25,0.05,0.0,0.05,0.25,0.05,0.25,0.05,0.05,0.42857142857142866,0.42857142857142866,0.06866294263214658,0.0,2.0539831026367334,1.0,,,
39,5,0.2,0.1,0.1,0.1,0.1,0.15,0.0,0.1,0.15,0.42857142857142866,0.42857142857142866,0.06866294263214658,0.0,2.0487815319888907,1.0,,,
40,37,0.05,0.25,0.1,0.05,0.15,0.15,0.2,0.05,0.0,0.42857142857142866,0.42857142857142866,0.06866294263214658,0.0,2.1567770814445666,1.0,,,
41,44,0.1,0.2,0.05,0.05,0.1,0.1,0.15,0.15,0.1,0.42857142857142866,0.42857142857142866,0.06866294263214658,0.0,2.049296354166788,1.0,,,
42,48,0.25,0.05,0.1,0.0,0.2,0.15,0.05,0.2,0.0,0.42857142857142866,0.42857142857142866,0.06866294263214658,0.0,2.083083743953879,1.0,,,
43,65,0.35,0.05,0.05,0.0,0.25,0.0,0.1,0.05,0.15,0.42857142857142866,0.42857142857142866,0.06866294263214658,0.0,2.0878262712519264,1.0,,,
44,68,0.3,0.15,0.05,0.05,0.3,0.0,0.05,0.05,0.05,0.42857142857142866,0.42857142857142866,0.06866294263214658,0.0,2.0778809958369715,1.0,,,
45,19,0.05,0.05,0.25,0.1,0.2,0.1,0.1,0.15,0.0,0.42857142857142866,0.42857142857142866,0.06866294263214655,0.0,2.257524720391975,1.0,,,
46,52,0.05,0.15,0.2,0.0,0.3,0.05,0.1,0.1,0.05,0.42857142857142866,0.42857142857142866,0.06866294263214655,0.0,2.2354409466237333,1.0,,,
47,53,0.05,0.0,0.15,0.05,0.1,0.15,0.15,0.35,0.0,0.42857142857142866,0.42857142857142866,0.06866294263214655,0.0,2.094714157376046,1.0,,,
48,47,0.15,0.0,0.15,0.1,0.2,0.05,0.25,0.05,0.05,0.3853685965158439,0.380952380952381,0.033349531975137195,-0.22360679774997896,2.19700195690079,0.912870929175277,,,
49,22,0.1,0.1,0.0,0.2,0.0,0.2,0.05,0.1,0.25,0.38095238095238104,0.38095238095238104,0.059924684581085894,0.0,1.8880907155434847,1.0,,,
50,24,0.0,0.05,0.15,0.25,0.05,0.35,0.05,0.1,0.0,0.38095238095238104,0.38095238095238104,0.059924684581085894,0.0,1.9579681187573565,1.0,,,
51,56,0.05,0.05,0.05,0.35,0.2,0.1,0.1,0.0,0.1,0.38095238095238104,0.38095238095238104,0.059924684581085894,0.0,1.9166197032092782,1.0,0.31576543760209635,0.1641966138122971,0.5022725027383413
52,63,0.05,0.2,0.05,0.25,0.1,0.2,0.0,0.05,0.1,0.38095238095238104,0.38095238095238104,0.059924684581085894,0.0,1.9214071631553609,1.0,,,
53,2,0.25,0.05,0.05,0.05,0.0,0.1,0.2,0.1,0.2,0.38095238095238104,0.38095238095238104,0.02104389501309894,0.0,2.063360116054534,1.0,,,
54,15,0.05,0.15,0.1,0.1,0.05,0.0,0.05,0.05,0.45,0.38095238095238104,0.38095238095238104,0.02104389501309894,0.0,2.0366477413450577,1.0,,,
55,16,0.3,0.05,0.05,0.0,0.0,0.15,0.05,0.4,0.0,0.38095238095238104,0.38095238095238104,0.02104389501309894,0.0,2.031058342304154,1.0,,,
56,28,0.1,0.05,0.05,0.1,0.05,0.1,0.2,0.15,0.2,0.38095238095238104,0.38095238095238104,0.02104389501309894,0.0,2.011926251794714,1.0,,,
57,29,0.0,0.05,0.3,0.1,0.1,0.05,0.15,0.25,0.0,0.38095238095238104,0.38095238095238104,0.02104389501309894,0.0,2.318574140389304,1.0,,,
58,30,0.35,0.1,0.0,0.05,0.05,0.05,0.05,0.1,0.25,0.38095238095238104,0.38095238095238104,0.02104389501309894,0.0,2.010994252093419,1.0,,,
59,35,0.25,0.0,0.05,0.0,0.0,0.05,0.25,0.35,0.05,0.38095238095238104,0.38095238095238104,0.02104389501309894,0.0,2.084509476467557,1.0,,,
60,40,0.1,0.05,0.05,0.05,0.0,0.05,0.05,0.25,0.4,0.38095238095238104,0.38095238095238104,0.02104389501309894,0.0,1.9778180076439251,1.0,,,
61,42,0.2,0.05,0.0,0.1,0.0,0.2,0.15,0.1,0.2,0.38095238095238104,0.38095238095238104,0.02104389501309894,0.0,1.9620640228824195,1.0,,,
62,59,0.2,0.05,0.05,0.05,0.05,0.1,0.3,0.1,0.1,0.38095238095238104,0.38095238095238104,0.02104389501309894,0.0,2.0930287063491915,1.0,,,
63,93,0.05,0.15,0.0,0.05,0.05,0.15,0.25,0.1,0.2,0.38095238095238104,0.38095238095238104,0.02104389501309894,0.0,1.988361189403162,1.0,,,
64,99,0.15,0.05,0.05,0.2,0.1,0.15,0.15,0.05,0.1,0.38095238095238104,0.38095238095238104,0.02104389501309894,0.0,1.9825104759863559,1.0,,,
65,18,0.3,0.2,0.1,0.05,0.15,0.05,0.0,0.15,0.0,0.380952380952381,0.380952380952381,0.04048428979709241,-0.3333333333333334,2.161417299228207,1.0,,,
66,84,0.0,0.25,0.1,0.15,0.0,0.05,0.2,0.15,0.1,0.3440354700662662,0.3440354700662662,0.03531341065700934,0.0,2.0465312967167146,1.0,,,
67,91,0.1,0.4,0.05,0.2,0.1,0.05,0.05,0.05,0.0,0.3440354700662662,0.3440354700662662,0.03531341065700934,0.0,2.087435369222618,1.0,,,
68,27,0.05,0.05,0.0,0.25,0.0,0.15,0.1,0.4,0.0,0.3333333333333334,0.3333333333333334,0.044051668708070015,0.0,1.8564680490183616,1.0,,,
69,1,0.35,0.15,0.1,0.05,0.05,0.05,0.1,0.15,0.0,0.3333333333333334,0.3333333333333334,-0.0071347578219551995,-0.3333333333333334,2.1748804724944892,1.0,,,
70,14,0.15,0.15,0.15,0.1,0.05,0.05,0.1,0.1,0.15,0.3333333333333334,0.3333333333333334,-0.0071347578219551995,-0.3333333333333334,2.1535550952884983,1.0,,,
71,67,0.3,0.2,0.15,0.05,0.05,0.1,0.05,0.05,0.05,0.3333333333333334,0.3333333333333334,-0.0071347578219551995,-0.3333333333333334,2.2478629487882755,1.0,,,
72,76,0.1,0.35,0.0,0.05,0.05,0.15,0.2,0.05,0.05,0.3333333333333334,0.3333333333333334,-0.0071347578219551995,-0.3333333333333334,2.0543873433194135,1.0,,,
73,70,0.15,0.0,0.1,0.25,0.15,0.05,0.15,0.05,0.1,0.3333333333333334,0.3333333333333334,-0.00713475782195522,0.0,2.025496344693619,1.0,,,
74,64,0.15,0.05,0.25,0.05,0.05,0.15,0.05,0.0,0.25,0.3333333333333334,0.3333333333333334,-0.014269515643910415,0.0,2.261270765764161,1.0,,,
75,87,0.0,0.1,0.35,0.0,0.0,0.25,0.0,0.0,0.3,0.3333333333333334,0.3333333333333334,-0.014269515643910415,0.0,2.3740147688676405,1.0,,,
76,97,0.15,0.0,0.05,0.1,0.05,0.15,0.35,0.1,0.05,0.3333333333333334,0.3333333333333334,-0.014269515643910415,0.0,2.060671167728351,1.0,,,
77,60,0.1,0.15,0.3,0.15,0.15,0.0,0.05,0.0,0.1,0.33320454342011374,0.33333333333333337,0.005170879140083055,-0.22360679774997896,2.414369573865496,0.912870929175277,,,
78,25,0.15,0.1,0.15,0.2,0.05,0.1,0.1,0.05,0.1,0.2964164224472186,0.2964164224472186,-0.03174603174603174,0.0,2.07511041069534,1.0,,,
79,38,0.45,0.05,0.0,0.2,0.05,0.05,0.05,0.05,0.1,0.2964164224472186,0.2964164224472186,-0.03174603174603174,0.0,1.9876343217411974,1.0,,,
80,10,0.05,0.0,0.05,0.35,0.1,0.1,0.2,0.1,0.05,0.28571428571428575,0.28571428571428575,0.015873015873015886,0.0,1.8981310176672417,1.0,,,
81,13,0.1,0.0,0.15,0.25,0.05,0.0,0.1,0.35,0.0,0.28571428571428575,0.28571428571428575,0.015873015873015886,0.0,2.0067620133369783,1.0,,,
82,95,0.1,0.05,0.1,0.3,0.05,0.15,0.0,0.0,0.25,0.28571428571428575,0.28571428571428575,0.015873015873015886,0.0,1.9375257752311257,1.0,,,
83,36,0.45,0.1,0.05,0.1,0.05,0.05,0.1,0.05,0.05,0.28571428571428575,0.28571428571428575,-0.03531341065700933,-0.3333333333333334,2.0969814750316274,1.0,,,
84,54,0.05,0.3,0.2,0.05,0.0,0.0,0.05,0.25,0.1,0.28571428571428575,0.28571428571428575,-0.03531341065700934,-0.3333333333333334,2.2852493416289623,1.0,,,
85,17,0.15,0.0,0.05,0.25,0.05,0.0,0.15,0.2,0.15,0.28571428571428575,0.28571428571428575,-0.035313410657009346,0.0,1.952133893908723,1.0,,,
86,82,0.2,0.05,0.05,0.2,0.0,0.1,0.15,0.1,0.15,0.28571428571428575,0.28571428571428575,-0.035313410657009346,0.0,1.9705346062009708,1.0,,,
87,8,0.05,0.05,0.2,0.15,0.05,0.05,0.2,0.1,0.15,0.28571428571428575,0.28571428571428575,-0.04244816847896455,0.0,2.1499166421406897,1.0,,,
88,71,0.05,0.05,0.25,0.15,0.1,0.05,0.15,0.1,0.1,0.28571428571428575,0.28571428571428575,-0.04244816847896455,0.0,2.22878651834286,1.0,,,
89,66,0.25,0.05,0.1,0.0,0.0,0.05,0.35,0.05,0.15,0.28571428571428575,0.28571428571428575,-0.042448168478964564,-0.3333333333333334,2.206163306101403,1.0,,,
90,83,0.05,0.05,0.45,0.0,0.0,0.1,0.2,0.15,0.0,0.24879737482817088,0.24879737482817088,-0.07936507936507937,-0.6666666666666669,2.7270778890040352,1.0,,,
91,88,0.05,0.1,0.4,0.05,0.0,0.0,0.1,0.1,0.2,0.24879737482817088,0.24879737482817088,-0.07936507936507937,-0.6666666666666669,2.560135246551431,1.0,,,
92,6,0.0,0.15,0.25,0.1,0.0,0.05,0.2,0.2,0.05,0.24060004063291743,0.24879737482817094,-0.0670594424030411,-0.18257418583505539,2.2493726949458748,0.912870929175277,,,
93,32,0.05,0.25,0.2,0.15,0.1,0.05,0.15,0.0,0.05,0.24060004063291743,0.24879737482817094,-0.0670594424030411,-0.18257418583505539,2.269274632469086,0.912870929175277,,,
94,34,0.1,0.15,0.1,0.15,0.0,0.15,0.25,0.1,0.0,0.24060004063291743,0.24879737482817094,-0.0670594424030411,-0.18257418583505539,2.0496700315139167,0.912870929175277,,,
95,62,0.4,0.15,0.1,0.05,0.05,0.05,0.2,0.0,0.0,0.24060004063291743,0.24879737482817094,-0.0670594424030411,-0.18257418583505539,2.2280584892293365,0.912870929175277,,,
96,12,0.2,0.1,0.05,0.25,0.0,0.05,0.1,0.15,0.1,0.23809523809523817,0.23809523809523817,-0.05118642653002522,0.0,1.9452758380961805,1.0,,,
97,21,0.05,0.0,0.3,0.3,0.1,0.15,0.05,0.0,0.05,0.23809523809523814,0.23809523809523814,-0.05118642653002522,0.0,2.1300370784130647,1.0,,,
98,7,0.05,0.3,0.05,0.05,0.0,0.15,0.3,0.05,0.05,0.23809523809523814,0.23809523809523814,-0.0706268213140187,-0.3333333333333334,2.1072825754519786,1.0,,,
99,51,0.1,0.1,0.35,0.3,0.0,0.05,0.1,0.0,0.0,0.21188046394205612,0.21188046394205612,-0.09167071632711764,-0.6666666666666669,2.1382779291304566,0.6666666666666669,,,
100,86,0.0,0.2,0.45,0.1,0.0,0.05,0.2,0.0,0.0,0.17993936609571812,0.19047619047619044,-0.0793650793650794,-0.5477225575051662,2.684593049612472,0.18257418583505539,0.2636907860820957,0.07358744902999563,0.43321425540676134
