kind,held_out,weights_from,w_f1,w_decay,w_precision,w_recall,J_rest,tau_heldout_mean,n_heldout
family,EM,lodo_weights,0.2,0.0,0.5,0.3,0.481190693017665,0.32332952622838307,11
family,EM,full_best,0.0,0.7,0.0,0.3,0.4772748075005563,0.2874602297536881,11
family,EM,v1,0.35,0.35,0.15,0.15,0.45581845434269586,0.3007792733542092,11
family,SM,lodo_weights,0.0,0.1,0.0,0.9,0.43089714112907457,0.35113779177082055,6
family,SM,full_best,0.0,0.7,0.0,0.3,0.4217996781648368,0.3659983367943185,6
family,SM,v1,0.35,0.35,0.15,0.15,0.409339227660597,0.2523383292760411,6
family,TQA,lodo_weights,0.45,0.0,0.4,0.15,0.4228026406903925,0.3787468410480647,11
family,TQA,full_best,0.0,0.7,0.0,0.3,0.40871400085161935,0.3951855586472613,11
family,TQA,v1,0.35,0.35,0.15,0.15,0.40273069326355576,0.37902394248564514,11
family,FIN,lodo_weights,0.0,0.95,0.05,0.0,0.4056499371152467,0.43448435580964495,3
family,FIN,full_best,0.0,0.7,0.0,0.3,0.39608084957933,0.5111111111111112,3
family,FIN,v1,0.35,0.35,0.15,0.15,0.38114438930046146,0.5111111111111111,3
