split,selected,J_A_selected,J_B_selected,J_B_pure_bt,J_B_uniform,J_B_full_best
0,subset_00010001,0.9470785013253795,0.8525110652655251,0.8800377365167503,0.9305399495698553,0.905414396306579
1,subset_00011010,0.9080147326524116,0.8857188453355821,0.8381199633235311,0.9080666208210807,0.8829410675578043
2,lattice_038,0.941522945769824,0.9329244826177381,0.9155838140424065,0.9301467048399602,0.9440355937288492
3,subset_00100011,0.8828155142945281,0.8916666666666665,0.8694444444444444,0.9277777777777777,0.936111111111111
4,subset_01100000,0.9330147326524117,0.8607188453355822,0.8912744008911376,0.8970810629732457,0.9165255074176902
5,subset_00111110,0.9555555555555554,0.9189107420030069,0.8002941676133664,0.9189107420030069,0.9105774086696735
6,subset_00100010,0.9555555555555554,0.8694444444444444,0.8888888888888887,0.9194444444444443,0.8805555555555554
7,subset_10000001,0.9302888430433028,0.8916666666666665,0.8499999999999999,0.886111111111111,0.9027777777777776
8,subset_00110111,0.9472222222222221,0.9472222222222222,0.8444444444444443,0.9388888888888888,0.9055555555555553
9,subset_10010010,0.9277777777777777,0.9212985382361899,0.9212985382361898,0.916132964225229,0.8962985382361898
10,subset_01010000,0.972206616236522,0.9138888888888888,0.8472222222222221,0.9277777777777776,0.9277777777777776
11,subset_10110111,0.9388888888888888,0.9359673902142683,0.8744662975585624,0.9359673902142683,0.9554118346587128
12,lattice_075,0.9638888888888888,0.9110955051254109,0.8912744008911376,0.897206616236522,0.9027621717920775
13,subset_00000101,0.9527146383102529,0.947206616236522,0.9247332874877473,0.9248588407510235,0.9499843940142997
14,subset_00100000,0.9277621717920775,0.8805555555555554,0.8722222222222221,0.9166666666666665,0.9249999999999999
15,subset_00001000,0.9373352554280545,0.8992388774274923,0.936111111111111,0.9194444444444443,0.8944444444444443
16,subset_00010010,0.910718845335582,0.9109699518621346,0.919303285195468,0.9110955051254109,0.8830666208210807
17,subset_10010101,0.9388732829031886,0.8833333333333333,0.9055555555555554,0.8777777777777777,0.8916666666666665
18,lattice_041,0.9498588407510236,0.9249999999999999,0.8888888888888887,0.9194444444444443,0.9305555555555555
19,subset_10110101,0.8857188453355821,0.8860479716435863,0.8206263154743167,0.9277146383102529,0.9221590827546974
