kind,held_out,weights_from,w_em,w_num_tol,w_num_decay,w_tok_prec,w_tok_rec,w_tok_f1,w_edit_sim,w_rouge_l,w_jaccard,J_rest,tau_heldout_mean,n_heldout
dataset,abt_buy,heldout_weights,0.0,1.0,0.0,0.0,0.0,0.0,0.0,0.0,0.0,0.4297064277636856,0.8087360843031886,1
dataset,abt_buy,full_best,0.0,1.0,0.0,0.0,0.0,0.0,0.0,0.0,0.0,0.4297064277636856,0.8087360843031886,1
dataset,abt_buy,v1_rubric,0.0,0.0,0.35,0.15,0.15,0.35,0.0,0.0,0.0,0.39050013254200505,0.8087360843031886,1
dataset,alaska_camera,heldout_weights,0.0,1.0,0.0,0.0,0.0,0.0,0.0,0.0,0.0,0.4714089368178163,-0.44233918732073285,1
dataset,alaska_camera,full_best,0.0,1.0,0.0,0.0,0.0,0.0,0.0,0.0,0.0,0.4714089368178163,-0.44233918732073285,1
dataset,alaska_camera,v1_rubric,0.0,0.0,0.35,0.15,0.15,0.35,0.0,0.0,0.0,0.43588333999971085,-0.44233918732073285,1
dataset,alaska_schema,heldout_weights,1.0,0.0,0.0,0.0,0.0,0.0,0.0,0.0,0.0,0.4527777543915548,0.02387049580131443,1
dataset,alaska_schema,full_best,0.0,1.0,0.0,0.0,0.0,0.0,0.0,0.0,0.0,0.4497569711520907,0.02387049580131443,1
dataset,alaska_schema,v1_rubric,0.0,0.0,0.35,0.15,0.15,0.35,0.0,0.0,0.0,0.42412466868544463,-0.2,1
dataset,amazon_google,heldout_weights,0.0,1.0,0.0,0.0,0.0,0.0,0.0,0.0,0.0,0.4574599804338357,-0.02387049580131443,1
dataset,amazon_google,full_best,0.0,1.0,0.0,0.0,0.0,0.0,0.0,0.0,0.0,0.4574599804338357,-0.02387049580131443,1
dataset,amazon_google,v1_rubric,0.0,0.0,0.35,0.15,0.15,0.35,0.0,0.0,0.0,0.41949433711668804,-0.02387049580131443,1
dataset,bird,heldout_weights,0.0,1.0,0.0,0.0,0.0,0.0,0.0,0.0,0.0,0.43317338110314224,0.7047274841194893,1
dataset,bird,full_best,0.0,1.0,0.0,0.0,0.0,0.0,0.0,0.0,0.0,0.43317338110314224,0.7047274841194893,1
dataset,bird,v1_rubric,0.0,0.0,0.35,0.15,0.15,0.35,0.0,0.0,0.0,0.4048238638263909,0.5393598899705937,1
dataset,dblp_acm,heldout_weights,0.0,1.0,0.0,0.0,0.0,0.0,0.0,0.0,0.0,0.43283673141012124,0.5813183589761798,1
dataset,dblp_acm,full_best,0.0,1.0,0.0,0.0,0.0,0.0,0.0,0.0,0.0,0.43283673141012124,0.5813183589761798,1
dataset,dblp_acm,v1_rubric,0.0,0.0,0.35,0.15,0.15,0.35,0.0,0.0,0.0,0.39747592018291067,0.6366820122120065,1
dataset,dblp_scholar,heldout_weights,0.0,1.0,0.0,0.0,0.0,0.0,0.0,0.0,0.0,0.4566642972404586,0.0,1
dataset,dblp_scholar,full_best,0.0,1.0,0.0,0.0,0.0,0.0,0.0,0.0,0.0,0.4566642972404586,0.0,1
dataset,dblp_scholar,v1_rubric,0.0,0.0,0.35,0.15,0.15,0.35,0.0,0.0,0.0,0.42113870042235313,0.0,1
dataset,fetaqa,heldout_weights,0.0,1.0,0.0,0.0,0.0,0.0,0.0,0.0,0.0,0.4335958018464151,0.5087055749715826,1
dataset,fetaqa,full_best,0.0,1.0,0.0,0.0,0.0,0.0,0.0,0.0,0.0,0.4335958018464151,0.5087055749715826,1
dataset,fetaqa,v1_rubric,0.0,0.0,0.35,0.15,0.15,0.35,0.0,0.0,0.0,0.407064626348279,0.4222222222222222,1
dataset,fintagging,heldout_weights,0.2,0.3,0.0,0.1,0.25,0.0,0.05,0.05,0.05,0.43079013291044677,0.5111111111111111,1
dataset,fintagging,full_best,0.0,1.0,0.0,0.0,0.0,0.0,0.0,0.0,0.0,0.4277623946804626,0.7877263614433762,1
dataset,fintagging,v1_rubric,0.0,0.0,0.35,0.15,0.15,0.35,0.0,0.0,0.0,0.4019024464632225,0.4666666666666667,1
dataset,hitab,heldout_weights,0.0,1.0,0.0,0.0,0.0,0.0,0.0,0.0,0.0,0.4575369573031637,-0.20952908873087348,1
dataset,hitab,full_best,0.0,1.0,0.0,0.0,0.0,0.0,0.0,0.0,0.0,0.4575369573031637,-0.20952908873087348,1
dataset,hitab,v1_rubric,0.0,0.0,0.35,0.15,0.15,0.35,0.0,0.0,0.0,0.4332900802415055,-0.3146266024828463,1
dataset,machamp,heldout_weights,0.0,1.0,0.0,0.0,0.0,0.0,0.0,0.0,0.0,0.4320688043280379,0.7378647873726218,1
dataset,machamp,full_best,0.0,1.0,0.0,0.0,0.0,0.0,0.0,0.0,0.0,0.4320688043280379,0.7378647873726218,1
dataset,machamp,v1_rubric,0.0,0.0,0.35,0.15,0.15,0.35,0.0,0.0,0.0,0.3928625091063572,0.7378647873726218,1
dataset,magneto_gdc,heldout_weights,0.0,1.0,0.0,0.0,0.0,0.0,0.0,0.0,0.0,0.4388155230152361,0.5354632267566767,1
dataset,magneto_gdc,full_best,0.0,1.0,0.0,0.0,0.0,0.0,0.0,0.0,0.0,0.4388155230152361,0.5354632267566767,1
dataset,magneto_gdc,v1_rubric,0.0,0.0,0.35,0.15,0.15,0.35,0.0,0.0,0.0,0.4048238638263909,0.5393598899705937,1
dataset,mmtu,heldout_weights,1.0,0.0,0.0,0.0,0.0,0.0,0.0,0.0,0.0,0.4339328326279453,0.5555555555555556,1
dataset,mmtu,full_best,0.0,1.0,0.0,0.0,0.0,0.0,0.0,0.0,0.0,0.43178648080838256,0.6128258770283411,1
dataset,mmtu,v1_rubric,0.0,0.0,0.35,0.15,0.15,0.35,0.0,0.0,0.0,0.4013795299993015,0.5555555555555556,1
dataset,officeqa,heldout_weights,1.0,0.0,0.0,0.0,0.0,0.0,0.0,0.0,0.0,0.4377081324031316,0.5490214034302319,1
dataset,officeqa,full_best,0.0,1.0,0.0,0.0,0.0,0.0,0.0,0.0,0.0,0.4317541798585464,0.6137949055234261,1
dataset,officeqa,v1_rubric,0.0,0.0,0.35,0.15,0.15,0.35,0.0,0.0,0.0,0.39893948350025943,0.5555555555555556,1
dataset,officeqa_pro_v2,heldout_weights,0.0,1.0,0.0,0.0,0.0,0.0,0.0,0.0,0.0,0.4357113883673713,0.6285872661926204,1
dataset,officeqa_pro_v2,full_best,0.0,1.0,0.0,0.0,0.0,0.0,0.0,0.0,0.0,0.4357113883673713,0.6285872661926204,1
dataset,officeqa_pro_v2,v1_rubric,0.0,0.0,0.35,0.15,0.15,0.35,0.0,0.0,0.0,0.39893948350025943,0.5555555555555556,1
dataset,opensanctions_pairs,heldout_weights,1.0,0.0,0.0,0.0,0.0,0.0,0.0,0.0,0.0,0.4505769937517619,0.08989331499509895,1
dataset,opensanctions_pairs,full_best,0.0,1.0,0.0,0.0,0.0,0.0,0.0,0.0,0.0,0.4464100752503326,0.044946657497549475,1
dataset,opensanctions_pairs,v1_rubric,0.0,0.0,0.35,0.15,0.15,0.35,0.0,0.0,0.0,0.4159597801021931,0.044946657497549475,1
dataset,papadakis_dn,heldout_weights,1.0,0.0,0.0,0.0,0.0,0.0,0.0,0.0,0.0,0.4515863523196177,0.025949964805384102,1
dataset,papadakis_dn,full_best,0.0,1.0,0.0,0.0,0.0,0.0,0.0,0.0,0.0,0.4487046540372645,0.025949964805384102,1
dataset,papadakis_dn,v1_rubric,0.0,0.0,0.35,0.15,0.15,0.35,0.0,0.0,0.0,0.4173030520372816,0.0778498944161523,1
dataset,realhitbench,heldout_weights,0.0,1.0,0.0,0.0,0.0,0.0,0.0,0.0,0.0,0.4311945246585139,0.764093177458341,1
dataset,realhitbench,full_best,0.0,1.0,0.0,0.0,0.0,0.0,0.0,0.0,0.0,0.4311945246585139,0.764093177458341,1
dataset,realhitbench,v1_rubric,0.0,0.0,0.35,0.15,0.15,0.35,0.0,0.0,0.0,0.39745800201877796,0.6,1
dataset,smat,heldout_weights,1.0,0.0,0.0,0.0,0.0,0.0,0.0,0.0,0.0,0.4441696178964645,0.24845199749997662,1
dataset,smat,full_best,0.0,1.0,0.0,0.0,0.0,0.0,0.0,0.0,0.0,0.4412879196141114,0.24845199749997662,1
dataset,smat,v1_rubric,0.0,0.0,0.35,0.15,0.15,0.35,0.0,0.0,0.0,0.4073054559252275,0.37777777777777777,1
dataset,suc,heldout_weights,0.0,1.0,0.0,0.0,0.0,0.0,0.0,0.0,0.0,0.43366211192904675,0.6900655593423543,1
dataset,suc,full_best,0.0,1.0,0.0,0.0,0.0,0.0,0.0,0.0,0.0,0.43366211192904675,0.6900655593423543,1
dataset,suc,v1_rubric,0.0,0.0,0.35,0.15,0.15,0.35,0.0,0.0,0.0,0.39798111710317313,0.5843065474681431,1
dataset,tab_fact,heldout_weights,0.0,1.0,0.0,0.0,0.0,0.0,0.0,0.0,0.0,0.4552104538758306,-0.08989331499509895,1
dataset,tab_fact,full_best,0.0,1.0,0.0,0.0,0.0,0.0,0.0,0.0,0.0,0.4552104538758306,-0.08989331499509895,1
dataset,tab_fact,v1_rubric,0.0,0.0,0.35,0.15,0.15,0.35,0.0,0.0,0.0,0.4226369223389381,-0.044946657497549475,1
dataset,tabis,heldout_weights,0.0,1.0,0.0,0.0,0.0,0.0,0.0,0.0,0.0,0.44075109598614753,0.4773960376293314,1
dataset,tabis,full_best,0.0,1.0,0.0,0.0,0.0,0.0,0.0,0.0,0.0,0.44075109598614753,0.4773960376293314,1
dataset,tabis,v1_rubric,0.0,0.0,0.35,0.15,0.15,0.35,0.0,0.0,0.0,0.403060343741068,0.4319297483312999,1
dataset,tablebench,heldout_weights,1.0,0.0,0.0,0.0,0.0,0.0,0.0,0.0,0.0,0.4365381498921527,0.4773960376293314,1
dataset,tablebench,full_best,0.0,1.0,0.0,0.0,0.0,0.0,0.0,0.0,0.0,0.435618191812779,0.5520524474738834,1
dataset,tablebench,v1_rubric,0.0,0.0,0.35,0.15,0.15,0.35,0.0,0.0,0.0,0.40286101148078296,0.5111111111111111,1
dataset,tableeval,heldout_weights,0.0,1.0,0.0,0.0,0.0,0.0,0.0,0.0,0.0,0.4467908063300738,0.2758802939230217,1
dataset,tableeval,full_best,0.0,1.0,0.0,0.0,0.0,0.0,0.0,0.0,0.0,0.4467908063300738,0.2758802939230217,1
dataset,tableeval,v1_rubric,0.0,0.0,0.35,0.15,0.15,0.35,0.0,0.0,0.0,0.40878693740670896,0.3333333333333333,1
dataset,tat_qa,heldout_weights,0.0,1.0,0.0,0.0,0.0,0.0,0.0,0.0,0.0,0.43892234067465996,0.2695786947677295,1
dataset,tat_qa,full_best,0.0,1.0,0.0,0.0,0.0,0.0,0.0,0.0,0.0,0.43892234067465996,0.2695786947677295,1
dataset,tat_qa,v1_rubric,0.0,0.0,0.35,0.15,0.15,0.35,0.0,0.0,0.0,0.40482386382639085,0.5393598899705937,1
dataset,tpcdi_cells,heldout_weights,0.0,1.0,0.0,0.0,0.0,0.0,0.0,0.0,0.0,0.4384947457397324,0.5450865450217847,1
dataset,tpcdi_cells,full_best,0.0,1.0,0.0,0.0,0.0,0.0,0.0,0.0,0.0,0.4384947457397324,0.5450865450217847,1
dataset,tpcdi_cells,v1_rubric,0.0,0.0,0.35,0.15,0.15,0.35,0.0,0.0,0.0,0.40328992619713055,0.5354632267566767,1
dataset,valentine,heldout_weights,0.0,1.0,0.0,0.0,0.0,0.0,0.0,0.0,0.0,0.43677221740602984,0.5967623950328608,1
dataset,valentine,full_best,0.0,1.0,0.0,0.0,0.0,0.0,0.0,0.0,0.0,0.43677221740602984,0.5967623950328608,1
dataset,valentine,v1_rubric,0.0,0.0,0.35,0.15,0.15,0.35,0.0,0.0,0.0,0.4015448007644669,0.4773960376293314,1
dataset,walmart_amazon,heldout_weights,0.0,1.0,0.0,0.0,0.0,0.0,0.0,0.0,0.0,0.43105518639557405,0.768273325346536,1
dataset,walmart_amazon,full_best,0.0,1.0,0.0,0.0,0.0,0.0,0.0,0.0,0.0,0.43105518639557405,0.768273325346536,1
dataset,walmart_amazon,v1_rubric,0.0,0.0,0.35,0.15,0.15,0.35,0.0,0.0,0.0,0.39340095849782586,0.7217113056285641,1
dataset,wdc_lspc,heldout_weights,0.0,1.0,0.0,0.0,0.0,0.0,0.0,0.0,0.0,0.44054260279356944,0.4836508334066745,1
dataset,wdc_lspc,full_best,0.0,1.0,0.0,0.0,0.0,0.0,0.0,0.0,0.0,0.44054260279356944,0.4836508334066745,1
dataset,wdc_lspc,v1_rubric,0.0,0.0,0.35,0.15,0.15,0.35,0.0,0.0,0.0,0.4053885235156198,0.435285750066007,1
dataset,wdc_products,heldout_weights,0.0,1.0,0.0,0.0,0.0,0.0,0.0,0.0,0.0,0.4443665507842482,0.3689323936863109,1
dataset,wdc_products,full_best,0.0,1.0,0.0,0.0,0.0,0.0,0.0,0.0,0.0,0.4443665507842482,0.3689323936863109,1
dataset,wdc_products,v1_rubric,0.0,0.0,0.35,0.15,0.15,0.35,0.0,0.0,0.0,0.40516025556256763,0.3689323936863109,1
dataset,wikitablequestions,heldout_weights,1.0,0.0,0.0,0.0,0.0,0.0,0.0,0.0,0.0,0.4275042942319986,0.7820743005880014,1
dataset,wikitablequestions,full_best,0.0,1.0,0.0,0.0,0.0,0.0,0.0,0.0,0.0,0.4259947168252428,0.9200874124564723,1
dataset,wikitablequestions,v1_rubric,0.0,0.0,0.35,0.15,0.15,0.35,0.0,0.0,0.0,0.391532076092852,0.7777777777777778,1
