rank_full,w_em,w_num_tol,w_num_decay,w_tok_prec,w_tok_rec,w_tok_f1,w_edit_sim,w_rouge_l,w_jaccard,J_boot_mean,J_boot_sd,J_boot_lo,J_boot_hi,p_vs_best,in_plateau,in_practical_plateau,times_selected,J_oob_mean
1,0.0,1.0,0.0,0.0,0.0,0.0,0.0,0.0,0.0,0.36951068,0.027385188,0.31445074,0.4199396,1.0,True,True,86,0.34209627
2,1.0,0.0,0.0,0.0,0.0,0.0,0.0,0.0,0.0,0.3668479,0.028461937,0.30990592,0.42172912,0.439,True,True,67,0.33634442
3,0.65,0.15,0.1,0.0,0.0,0.0,0.1,0.0,0.0,0.36624098,0.027289843,0.31067908,0.4185056,0.388,True,True,15,0.33701673
4,0.2,0.3,0.0,0.1,0.25,0.0,0.05,0.05,0.05,0.3742045,0.026377082,0.32235283,0.4249919,0.627,True,True,25,0.3432564
5,0.4,0.1,0.15,0.1,0.0,0.0,0.1,0.15,0.0,0.3679528,0.026788907,0.314868,0.4183442,0.427,True,True,2,0.33957493
6,0.0,0.35,0.0,0.25,0.2,0.05,0.05,0.05,0.05,0.37382957,0.02611617,0.32116175,0.4259377,0.602,True,True,16,0.3446746
7,0.15,0.4,0.2,0.1,0.0,0.1,0.05,0.0,0.0,0.36519545,0.027394243,0.31131783,0.41676226,0.323,True,True,3,0.33820552
8,0.3,0.35,0.1,0.15,0.0,0.05,0.0,0.0,0.05,0.36533427,0.026866063,0.31152573,0.41696152,0.34,True,True,3,0.33732474
9,0.1,0.1,0.05,0.0,0.3,0.0,0.05,0.3,0.1,0.36906886,0.026533993,0.3171271,0.42106742,0.469,True,True,1,0.3387884
10,0.0,0.45,0.0,0.1,0.25,0.0,0.0,0.05,0.15,0.3749646,0.026644485,0.3226739,0.42646867,0.681,True,True,54,0.34656584
11,0.0,0.4,0.0,0.05,0.15,0.1,0.1,0.2,0.0,0.37362218,0.026260167,0.32008746,0.42357162,0.601,True,True,14,0.34560198
12,0.4,0.2,0.1,0.0,0.0,0.05,0.0,0.2,0.05,0.37273115,0.026797954,0.31891698,0.4227076,0.591,True,True,24,0.3441154
13,0.2,0.25,0.1,0.05,0.15,0.1,0.0,0.15,0.0,0.37320158,0.026547518,0.32120058,0.4243251,0.617,True,True,11,0.34457976
14,0.1,0.4,0.1,0.0,0.0,0.15,0.1,0.0,0.15,0.368029,0.026569398,0.3161561,0.41885912,0.434,True,True,2,0.3402002
15,0.1,0.3,0.1,0.2,0.05,0.05,0.0,0.1,0.1,0.37089735,0.026495846,0.31935102,0.42036533,0.55,True,True,8,0.34297314
16,0.1,0.45,0.1,0.05,0.05,0.0,0.0,0.2,0.05,0.3727719,0.026854532,0.32030332,0.42498365,0.602,True,True,36,0.34485978
17,0.05,0.3,0.1,0.1,0.1,0.05,0.05,0.15,0.1,0.3707292,0.026446287,0.3186738,0.42040497,0.512,True,True,1,0.34281355
18,0.1,0.4,0.1,0.15,0.1,0.05,0.1,0.0,0.0,0.36805576,0.026569283,0.31545603,0.41730106,0.428,True,True,1,0.34048086
19,0.05,0.3,0.05,0.0,0.1,0.1,0.05,0.05,0.3,0.37117216,0.02628747,0.31974065,0.42124137,0.525,True,True,4,0.34215924
20,0.25,0.15,0.35,0.0,0.0,0.15,0.0,0.05,0.05,0.3669767,0.02763146,0.31333643,0.41913784,0.409,True,True,4,0.3413298
21,0.2,0.25,0.0,0.1,0.1,0.0,0.05,0.1,0.2,0.37376425,0.02625282,0.32014307,0.4228956,0.619,True,True,11,0.34307635
22,0.1,0.1,0.0,0.1,0.4,0.05,0.05,0.05,0.15,0.36846042,0.026629372,0.31445187,0.41940773,0.475,True,True,3,0.33780754
23,0.35,0.05,0.05,0.0,0.15,0.0,0.0,0.4,0.0,0.3704085,0.027134558,0.31604323,0.42224112,0.521,True,True,11,0.34039617
24,0.15,0.05,0.05,0.05,0.5,0.0,0.0,0.05,0.15,0.36703402,0.026993353,0.31436875,0.4170892,0.457,True,True,11,0.33748186
25,0.05,0.1,0.05,0.0,0.45,0.15,0.0,0.1,0.1,0.36722794,0.026574636,0.31514624,0.4178989,0.446,True,True,10,0.33716968
26,0.15,0.35,0.1,0.05,0.1,0.05,0.05,0.15,0.0,0.3713059,0.026673974,0.31820995,0.42250073,0.542,True,True,8,0.34293982
27,0.05,0.45,0.1,0.05,0.1,0.05,0.0,0.0,0.2,0.3693774,0.026496226,0.31758955,0.4205712,0.49,True,True,6,0.34154338
28,0.05,0.25,0.1,0.05,0.05,0.15,0.05,0.15,0.15,0.37060398,0.026380064,0.31921127,0.42084104,0.511,True,True,4,0.3427567
29,0.05,0.3,0.1,0.05,0.05,0.2,0.0,0.05,0.2,0.37169787,0.02647368,0.318813,0.4254973,0.55,True,True,2,0.3441186
30,0.0,0.15,0.0,0.0,0.5,0.2,0.1,0.0,0.05,0.36789444,0.026496656,0.3152469,0.41885343,0.465,True,True,8,0.33781055
31,0.25,0.1,0.3,0.05,0.05,0.05,0.0,0.05,0.15,0.36691883,0.02731099,0.31347904,0.41781235,0.394,True,True,2,0.34092867
32,0.1,0.25,0.0,0.2,0.15,0.1,0.15,0.0,0.05,0.3713571,0.02638834,0.3189686,0.42113873,0.524,True,True,1,0.34422153
33,0.15,0.1,0.0,0.2,0.2,0.05,0.05,0.2,0.05,0.37077183,0.026446095,0.31700376,0.42156795,0.529,True,True,4,0.34041005
34,0.3,0.05,0.05,0.1,0.05,0.15,0.0,0.15,0.15,0.3698977,0.026638264,0.31570628,0.41963667,0.508,True,True,4,0.34037617
35,0.1,0.0,0.15,0.05,0.15,0.1,0.0,0.45,0.0,0.36948374,0.026452381,0.3182163,0.42121914,0.479,True,True,10,0.34172294
36,0.25,0.1,0.1,0.05,0.1,0.3,0.0,0.05,0.05,0.3709209,0.026407981,0.32014996,0.42271492,0.532,True,True,5,0.34295183
37,0.35,0.15,0.05,0.1,0.15,0.1,0.05,0.0,0.05,0.36951455,0.02613288,0.31668237,0.41949514,0.488,True,True,2,0.34010017
38,0.5,0.0,0.05,0.15,0.05,0.1,0.05,0.1,0.0,0.36926362,0.026609398,0.31707862,0.42002213,0.488,True,True,9,0.33829537
39,0.05,0.3,0.2,0.2,0.0,0.15,0.05,0.0,0.05,0.36508578,0.02726053,0.31243426,0.41556424,0.355,True,True,1,0.33877847
40,0.2,0.1,0.05,0.1,0.15,0.1,0.05,0.25,0.0,0.37046263,0.026351236,0.31814724,0.4206598,0.517,True,True,0,0.3411971
41,0.05,0.45,0.05,0.2,0.0,0.0,0.0,0.05,0.2,0.3700569,0.026398366,0.31878796,0.42194682,0.502,True,True,6,0.34098667
42,0.35,0.0,0.0,0.05,0.05,0.0,0.0,0.35,0.2,0.3668956,0.026983766,0.31348813,0.41642767,0.454,True,True,5,0.33786303
43,0.1,0.1,0.0,0.2,0.35,0.1,0.0,0.15,0.0,0.3679084,0.026871989,0.31392354,0.41812128,0.476,True,True,6,0.3390355
44,0.3,0.2,0.0,0.05,0.05,0.25,0.1,0.05,0.0,0.37342063,0.026417727,0.31879818,0.42354104,0.606,True,True,12,0.34445533
45,0.1,0.25,0.0,0.05,0.35,0.05,0.1,0.0,0.1,0.37172863,0.026501063,0.3176669,0.42473468,0.553,True,True,9,0.34210292
46,0.1,0.25,0.0,0.0,0.1,0.15,0.15,0.25,0.0,0.37250558,0.026458193,0.31883025,0.42495504,0.556,True,True,9,0.34507355
47,0.05,0.15,0.0,0.2,0.0,0.15,0.05,0.4,0.0,0.37324226,0.026239693,0.32030877,0.4246379,0.572,True,True,36,0.3425751
48,0.0,0.1,0.0,0.15,0.25,0.15,0.05,0.0,0.3,0.36841008,0.026415544,0.31444594,0.41793343,0.457,True,True,3,0.33714727
49,0.2,0.05,0.2,0.0,0.05,0.1,0.0,0.25,0.15,0.37036952,0.026784418,0.3181323,0.42290738,0.498,True,True,5,0.34372947
50,0.15,0.1,0.05,0.25,0.1,0.15,0.0,0.2,0.0,0.37071678,0.026452865,0.31846347,0.42032275,0.535,True,True,4,0.34173235
51,0.05,0.1,0.1,0.0,0.35,0.25,0.0,0.1,0.05,0.36885023,0.026606986,0.3171362,0.42137834,0.472,True,True,3,0.34007573
52,0.3,0.05,0.4,0.0,0.0,0.05,0.0,0.1,0.1,0.36583328,0.02748484,0.31057626,0.417185,0.379,True,True,5,0.34050894
53,0.15,0.3,0.05,0.15,0.0,0.05,0.1,0.1,0.1,0.3705367,0.02645031,0.3180326,0.41980702,0.507,True,True,3,0.34174716
54,0.15,0.2,0.3,0.05,0.05,0.15,0.05,0.0,0.05,0.3654881,0.027072694,0.3122809,0.4150755,0.363,True,True,1,0.33877274
55,0.5,0.0,0.1,0.05,0.05,0.1,0.05,0.15,0.0,0.3693773,0.026462909,0.3168685,0.42131948,0.477,True,True,4,0.33967787
56,0.25,0.15,0.05,0.0,0.0,0.05,0.05,0.15,0.3,0.3711946,0.026349252,0.3195239,0.4223112,0.544,True,True,4,0.3410808
57,0.25,0.0,0.2,0.2,0.15,0.0,0.05,0.15,0.0,0.36739278,0.027017139,0.3155556,0.41697004,0.433,True,True,1,0.34041697
58,0.05,0.05,0.05,0.35,0.3,0.05,0.05,0.05,0.05,0.36657628,0.026240768,0.31646702,0.4140724,0.425,True,True,1,0.33609772
59,0.1,0.3,0.1,0.05,0.05,0.15,0.1,0.0,0.15,0.36812016,0.026576396,0.31627202,0.41824102,0.435,True,True,0,0.34065658
60,0.35,0.1,0.0,0.3,0.1,0.0,0.0,0.0,0.15,0.36512494,0.026404943,0.31212363,0.41606024,0.388,True,True,1,0.33657348
61,0.2,0.2,0.1,0.25,0.0,0.15,0.0,0.05,0.05,0.36841366,0.026512686,0.31801432,0.41848046,0.449,True,True,3,0.34071916
62,0.05,0.05,0.0,0.1,0.5,0.05,0.1,0.05,0.1,0.3652821,0.02678057,0.311474,0.41434672,0.417,True,True,1,0.33510125
63,0.25,0.05,0.1,0.0,0.2,0.25,0.0,0.0,0.15,0.3676238,0.026557669,0.31496677,0.4185083,0.445,True,True,3,0.33851886
64,0.3,0.1,0.0,0.2,0.05,0.05,0.15,0.1,0.05,0.3709641,0.026304388,0.3192558,0.42198062,0.532,True,True,3,0.34172052
65,0.05,0.25,0.0,0.2,0.1,0.0,0.15,0.1,0.15,0.37157848,0.026256455,0.31938595,0.42127177,0.527,True,True,3,0.34401104
66,0.05,0.1,0.0,0.25,0.35,0.1,0.05,0.1,0.0,0.36850998,0.026563374,0.31448072,0.41878092,0.469,True,True,3,0.3379247
67,0.05,0.05,0.1,0.0,0.15,0.15,0.0,0.25,0.25,0.36973748,0.026509667,0.31798106,0.4196094,0.497,True,True,5,0.34045237
68,0.2,0.25,0.15,0.05,0.1,0.2,0.05,0.0,0.0,0.36881545,0.026678266,0.31674126,0.41939896,0.452,True,True,1,0.34160456
69,0.1,0.2,0.15,0.15,0.25,0.0,0.05,0.0,0.1,0.36758497,0.026561435,0.3158497,0.41782585,0.429,True,True,0,0.34000975
70,0.1,0.1,0.05,0.15,0.35,0.05,0.1,0.05,0.05,0.36709583,0.02640935,0.31680214,0.41977766,0.423,True,True,1,0.3382605
71,0.15,0.2,0.05,0.05,0.0,0.15,0.1,0.1,0.2,0.37033558,0.02635381,0.31773075,0.42123416,0.501,True,True,2,0.34195462
72,0.0,0.05,0.05,0.1,0.25,0.0,0.0,0.1,0.45,0.36601883,0.026788693,0.31288898,0.4163678,0.418,True,True,1,0.33600545
73,0.35,0.05,0.0,0.15,0.15,0.0,0.1,0.1,0.1,0.3697592,0.026585074,0.31554845,0.4228715,0.519,True,True,3,0.3402293
74,0.05,0.3,0.0,0.1,0.2,0.05,0.15,0.15,0.0,0.37182248,0.026336057,0.318975,0.42180455,0.546,True,True,5,0.3443301
75,0.25,0.05,0.0,0.2,0.0,0.05,0.1,0.3,0.05,0.37119564,0.026625343,0.31806254,0.42233333,0.535,True,True,7,0.34154877
76,0.1,0.05,0.0,0.0,0.2,0.1,0.05,0.15,0.35,0.36743245,0.026787015,0.31393507,0.4185513,0.453,True,True,0,0.33670983
77,0.2,0.0,0.2,0.1,0.45,0.0,0.0,0.05,0.0,0.36756882,0.026970202,0.31480044,0.4202184,0.442,True,True,6,0.34021455
78,0.2,0.1,0.1,0.05,0.15,0.15,0.0,0.05,0.2,0.37017706,0.026632939,0.31742665,0.42127582,0.503,True,True,4,0.34146905
79,0.1,0.25,0.1,0.05,0.05,0.25,0.05,0.05,0.1,0.36980298,0.02649677,0.31845108,0.42121798,0.497,True,True,2,0.34210053
80,0.05,0.3,0.05,0.15,0.05,0.05,0.15,0.2,0.0,0.36972514,0.026478248,0.31673577,0.4202015,0.478,True,True,2,0.3421373
81,0.25,0.1,0.15,0.1,0.0,0.15,0.15,0.0,0.1,0.36635417,0.02678203,0.31347105,0.41732708,0.387,True,True,2,0.3398045
82,0.2,0.25,0.2,0.15,0.05,0.15,0.0,0.0,0.0,0.36690918,0.026888574,0.31610996,0.41770086,0.401,True,True,1,0.34031582
83,0.2,0.2,0.05,0.05,0.05,0.15,0.05,0.15,0.1,0.37193227,0.026472148,0.31963518,0.4223202,0.549,True,True,5,0.34257075
84,0.4,0.0,0.1,0.1,0.1,0.05,0.05,0.2,0.0,0.36913443,0.026390942,0.31843007,0.4196452,0.491,True,True,0,0.3397414
85,0.25,0.05,0.1,0.2,0.05,0.2,0.1,0.05,0.0,0.36784437,0.026485248,0.31744048,0.4182426,0.442,True,True,0,0.34030613
86,0.2,0.05,0.05,0.1,0.05,0.05,0.1,0.1,0.3,0.36821207,0.026307575,0.31799623,0.41941282,0.448,True,True,0,0.33866706
87,0.15,0.05,0.15,0.0,0.25,0.1,0.05,0.2,0.05,0.3679336,0.02670188,0.31745267,0.42022285,0.446,True,True,0,0.33990195
88,0.0,0.2,0.05,0.1,0.45,0.1,0.05,0.05,0.0,0.36840978,0.026251758,0.31671906,0.41953805,0.463,True,True,1,0.3387831
89,0.05,0.1,0.05,0.0,0.05,0.0,0.05,0.55,0.15,0.37040463,0.026400952,0.31981266,0.42167178,0.498,True,True,8,0.3401092
90,0.3,0.05,0.05,0.1,0.05,0.15,0.15,0.05,0.1,0.3676565,0.026200594,0.31568825,0.4200529,0.448,True,True,0,0.33921188
91,0.05,0.1,0.15,0.05,0.05,0.25,0.05,0.25,0.05,0.36883596,0.026483284,0.31872508,0.4202437,0.466,True,True,0,0.34191734
92,0.0,0.0,0.2,0.05,0.2,0.1,0.05,0.15,0.25,0.3651763,0.026728613,0.31185573,0.41798782,0.375,True,True,1,0.33814794
93,0.1,0.2,0.1,0.0,0.05,0.2,0.0,0.05,0.3,0.3714325,0.026518537,0.3209643,0.42273074,0.545,True,True,4,0.34358048
94,0.05,0.15,0.1,0.0,0.05,0.3,0.25,0.05,0.05,0.3654349,0.026477737,0.31241798,0.41761887,0.378,True,True,0,0.3393517
95,0.1,0.1,0.05,0.05,0.05,0.1,0.3,0.1,0.15,0.36519784,0.026445348,0.31197196,0.41687667,0.378,True,True,0,0.3381311
96,0.1,0.15,0.3,0.0,0.05,0.2,0.0,0.05,0.15,0.3673081,0.02714837,0.3143653,0.41846868,0.412,True,True,2,0.341789
97,0.35,0.1,0.0,0.05,0.05,0.0,0.1,0.3,0.05,0.3721587,0.026558619,0.31949586,0.4240987,0.56,True,True,6,0.34230325
98,0.1,0.0,0.0,0.15,0.2,0.05,0.05,0.1,0.35,0.36562344,0.026789604,0.31184486,0.41545096,0.416,True,True,1,0.33487397
99,0.55,0.05,0.15,0.05,0.0,0.0,0.0,0.05,0.15,0.3685324,0.027003637,0.31581482,0.42043123,0.45,True,True,9,0.34071
100,0.1,0.0,0.3,0.05,0.1,0.15,0.0,0.05,0.25,0.365968,0.027087897,0.312642,0.41833898,0.396,True,True,1,0.3407921
101,0.2,0.1,0.2,0.05,0.1,0.15,0.05,0.0,0.15,0.367126,0.02679307,0.31486413,0.4165977,0.409,True,True,0,0.33994249
102,0.0,0.25,0.15,0.0,0.05,0.1,0.05,0.2,0.2,0.36974394,0.026620304,0.31735855,0.42145342,0.484,True,True,2,0.3426799
103,0.15,0.1,0.0,0.05,0.0,0.05,0.35,0.05,0.25,0.36650473,0.026505157,0.31323662,0.41867247,0.416,True,True,1,0.33928815
104,0.3,0.25,0.1,0.0,0.05,0.0,0.2,0.05,0.05,0.3663718,0.02683983,0.31185776,0.41679487,0.391,True,True,0,0.33883518
105,0.2,0.05,0.2,0.0,0.1,0.3,0.1,0.0,0.05,0.3659729,0.026714845,0.3120728,0.415508,0.384,True,True,0,0.33988518
106,0.1,0.2,0.2,0.15,0.05,0.1,0.1,0.05,0.05,0.36706853,0.026972786,0.31428498,0.4175659,0.412,True,True,0,0.340571
107,0.05,0.0,0.05,0.05,0.4,0.05,0.1,0.2,0.1,0.3639136,0.026727203,0.31358743,0.41519588,0.362,True,True,2,0.333824
108,0.0,0.35,0.1,0.05,0.25,0.0,0.15,0.1,0.0,0.367358,0.026787154,0.3151799,0.41984972,0.428,True,True,2,0.34086937
109,0.1,0.1,0.05,0.1,0.0,0.05,0.05,0.25,0.3,0.37050128,0.02624428,0.3212532,0.421303,0.507,True,True,1,0.34080037
110,0.05,0.1,0.1,0.15,0.15,0.0,0.1,0.05,0.3,0.3668228,0.026436463,0.3158505,0.41824135,0.402,True,True,0,0.33951992
111,0.1,0.05,0.1,0.1,0.15,0.05,0.1,0.3,0.05,0.36790505,0.026429346,0.3195065,0.4191719,0.444,True,True,0,0.3400147
112,0.05,0.05,0.1,0.0,0.1,0.05,0.1,0.1,0.45,0.36658305,0.026447194,0.31425858,0.41836685,0.412,True,True,1,0.33943066
113,0.05,0.05,0.05,0.1,0.05,0.05,0.1,0.15,0.4,0.36745283,0.026442915,0.3165528,0.41931972,0.429,True,True,0,0.33806634
114,0.05,0.0,0.05,0.1,0.2,0.35,0.05,0.1,0.1,0.36575902,0.026399933,0.31406823,0.4157838,0.398,True,True,1,0.33535326
115,0.0,0.0,0.1,0.05,0.35,0.2,0.05,0.05,0.2,0.3634902,0.026446152,0.31296524,0.4145209,0.364,True,True,1,0.3342482
116,0.1,0.1,0.05,0.15,0.05,0.05,0.0,0.05,0.45,0.36931527,0.026671192,0.31779957,0.42016113,0.49,True,True,4,0.3399127
117,0.2,0.1,0.05,0.0,0.05,0.0,0.35,0.05,0.2,0.36424154,0.026591618,0.3101699,0.41531333,0.344,True,True,0,0.3374837
118,0.15,0.1,0.05,0.05,0.0,0.1,0.35,0.2,0.0,0.3642054,0.026451517,0.31090894,0.4163439,0.344,True,True,0,0.33761045
119,0.05,0.05,0.1,0.0,0.0,0.25,0.35,0.15,0.05,0.36363307,0.026577275,0.3116636,0.41567808,0.338,True,True,3,0.33762413
120,0.3,0.05,0.0,0.0,0.05,0.0,0.1,0.35,0.15,0.37110922,0.026819808,0.31702948,0.4231357,0.532,True,True,6,0.34103185
121,0.2,0.05,0.0,0.2,0.05,0.1,0.25,0.1,0.05,0.36894843,0.026564186,0.3164136,0.42004615,0.457,True,True,10,0.3406284
122,0.2,0.05,0.0,0.15,0.05,0.4,0.05,0.0,0.1,0.36981505,0.026820162,0.31641966,0.4207845,0.511,True,True,5,0.33982557
123,0.1,0.0,0.0,0.05,0.0,0.1,0.1,0.1,0.55,0.3679334,0.02681976,0.3156808,0.4180877,0.463,True,True,4,0.33757356
124,0.1,0.0,0.0,0.0,0.25,0.1,0.1,0.45,0.0,0.36703894,0.026746923,0.31391308,0.41732636,0.443,True,True,3,0.33730996
125,0.15,0.15,0.05,0.25,0.05,0.0,0.05,0.15,0.15,0.36994097,0.026264058,0.31893122,0.42102087,0.501,True,True,1,0.34039795
126,0.05,0.25,0.05,0.05,0.2,0.05,0.05,0.0,0.3,0.3692022,0.026258728,0.31586084,0.42129186,0.476,True,True,2,0.34079024
127,0.05,0.1,0.15,0.1,0.25,0.15,0.05,0.1,0.05,0.36764735,0.026408475,0.31559935,0.41837198,0.446,True,True,0,0.34056455
128,0.1,0.05,0.1,0.2,0.3,0.0,0.05,0.1,0.1,0.36760026,0.026320618,0.31695122,0.41955966,0.433,True,True,1,0.33918178
129,0.15,0.05,0.2,0.1,0.1,0.05,0.1,0.05,0.2,0.36513785,0.02678793,0.31199405,0.41583195,0.377,True,True,0,0.3386358
130,0.2,0.0,0.25,0.25,0.05,0.05,0.15,0.05,0.0,0.3618766,0.026603233,0.30957234,0.41176355,0.281,True,True,0,0.33623007
131,0.05,0.05,0.35,0.25,0.05,0.1,0.1,0.05,0.0,0.36118084,0.027070956,0.309911,0.41247395,0.25,True,True,0,0.33578247
132,0.1,0.1,0.2,0.2,0.05,0.05,0.2,0.05,0.05,0.36422664,0.026649592,0.31209207,0.4147568,0.337,True,True,1,0.33776417
133,0.1,0.2,0.1,0.0,0.15,0.1,0.0,0.0,0.35,0.3689608,0.02645108,0.31652322,0.41845107,0.483,True,True,1,0.34095752
134,0.15,0.1,0.15,0.05,0.05,0.3,0.05,0.15,0.0,0.3691528,0.026549045,0.31679666,0.41958803,0.478,True,True,1,0.34223136
135,0.15,0.1,0.1,0.05,0.05,0.25,0.1,0.15,0.05,0.36886945,0.02658672,0.31795105,0.41967988,0.474,True,True,2,0.34164447
136,0.15,0.1,0.1,0.0,0.05,0.1,0.1,0.25,0.15,0.36942542,0.026622051,0.31655172,0.42087296,0.476,True,True,2,0.3418794
137,0.1,0.05,0.0,0.0,0.2,0.15,0.0,0.05,0.45,0.3657496,0.027017454,0.31119478,0.41546208,0.422,True,True,1,0.33782157
138,0.05,0.0,0.05,0.25,0.1,0.15,0.05,0.25,0.1,0.36726743,0.02640713,0.31501597,0.41628683,0.443,True,True,3,0.33646616
139,0.1,0.0,0.05,0.15,0.0,0.1,0.5,0.05,0.05,0.35970658,0.026685717,0.30719572,0.41345432,0.266,True,True,0,0.33403966
140,0.05,0.2,0.25,0.2,0.25,0.0,0.0,0.05,0.0,0.3670041,0.027145745,0.31394738,0.41919774,0.421,True,True,3,0.34186983
141,0.1,0.0,0.0,0.05,0.4,0.35,0.0,0.0,0.1,0.3591291,0.027377112,0.30585435,0.4086818,0.288,True,True,0,0.33071345
142,0.15,0.1,0.0,0.2,0.05,0.2,0.0,0.05,0.25,0.37035447,0.026650911,0.31768802,0.42185557,0.519,True,True,8,0.34155312
143,0.0,0.0,0.0,0.45,0.05,0.3,0.0,0.05,0.15,0.36182338,0.027167935,0.307851,0.41383696,0.342,True,True,7,0.33223748
144,0.25,0.1,0.0,0.1,0.15,0.1,0.2,0.05,0.05,0.3696995,0.02649419,0.31687057,0.42184293,0.489,True,True,3,0.34155777
145,0.25,0.1,0.0,0.05,0.05,0.1,0.3,0.1,0.05,0.36854574,0.026577124,0.3159549,0.41862357,0.467,True,True,2,0.3413549
146,0.05,0.1,0.0,0.2,0.0,0.2,0.3,0.0,0.15,0.36815313,0.026656607,0.314096,0.42104715,0.449,True,True,1,0.34046227
147,0.15,0.0,0.0,0.15,0.2,0.1,0.2,0.1,0.1,0.3666901,0.026439564,0.3135736,0.41730523,0.417,True,True,0,0.33791628
148,0.1,0.0,0.0,0.15,0.25,0.25,0.2,0.05,0.0,0.36590016,0.026308704,0.31406122,0.41702732,0.396,True,True,0,0.33756435
149,0.05,0.05,0.05,0.3,0.05,0.25,0.0,0.2,0.05,0.3677947,0.026318993,0.31470457,0.4159478,0.455,True,True,6,0.33776596
150,0.05,0.2,0.25,0.0,0.3,0.05,0.0,0.15,0.0,0.36901012,0.027350953,0.31520507,0.42208236,0.465,True,True,8,0.34266672
151,0.15,0.0,0.35,0.05,0.05,0.0,0.0,0.2,0.2,0.36649382,0.027194675,0.3125528,0.4165586,0.4,True,True,1,0.34111947
152,0.05,0.25,0.1,0.05,0.15,0.25,0.05,0.0,0.1,0.3692665,0.026340969,0.31818864,0.41981605,0.472,True,True,1,0.34196004
153,0.1,0.2,0.05,0.3,0.0,0.05,0.1,0.05,0.15,0.36648268,0.02638422,0.31641787,0.41665852,0.416,True,True,0,0.33865198
154,0.05,0.35,0.05,0.15,0.15,0.05,0.15,0.05,0.0,0.3683764,0.026669165,0.31634274,0.4194155,0.45,True,True,1,0.34156674
155,0.15,0.1,0.05,0.2,0.1,0.05,0.05,0.3,0.0,0.3711136,0.0263153,0.31828213,0.422214,0.528,True,True,5,0.34118858
156,0.05,0.1,0.05,0.1,0.05,0.1,0.05,0.1,0.4,0.36914548,0.02626752,0.3193382,0.42220542,0.477,True,True,0,0.33923858
157,0.25,0.05,0.0,0.1,0.05,0.05,0.35,0.1,0.05,0.36676255,0.026651181,0.31330633,0.41823664,0.414,True,True,2,0.34000745
158,0.05,0.05,0.5,0.05,0.0,0.2,0.1,0.05,0.0,0.36140832,0.02747257,0.30802506,0.4134094,0.249,True,True,1,0.33552465
159,0.0,0.3,0.2,0.15,0.05,0.15,0.1,0.05,0.0,0.3668548,0.026967494,0.3140501,0.41796696,0.408,True,True,4,0.34066194
160,0.05,0.3,0.1,0.05,0.0,0.1,0.3,0.1,0.0,0.36424306,0.026828071,0.3100739,0.41719088,0.326,True,True,1,0.338104
161,0.05,0.25,0.05,0.05,0.25,0.0,0.2,0.15,0.0,0.3670442,0.026406832,0.31564474,0.41798177,0.403,True,True,0,0.34068766
162,0.15,0.1,0.05,0.1,0.2,0.25,0.1,0.05,0.0,0.3682922,0.026572604,0.31838182,0.41880777,0.452,True,True,1,0.34033346
163,0.0,0.1,0.0,0.15,0.0,0.0,0.0,0.5,0.25,0.3703047,0.026451146,0.3182736,0.4219569,0.521,True,True,25,0.34067962
164,0.15,0.05,0.25,0.05,0.0,0.3,0.0,0.1,0.1,0.36819482,0.02693946,0.31615162,0.41973487,0.449,True,True,2,0.34312838
165,0.05,0.2,0.0,0.05,0.0,0.15,0.15,0.25,0.15,0.37203807,0.026380654,0.32037622,0.42185232,0.544,True,True,7,0.34440205
166,0.15,0.05,0.05,0.0,0.0,0.05,0.4,0.1,0.2,0.362459,0.026544001,0.30759743,0.41529232,0.304,True,True,2,0.3358456
167,0.2,0.05,0.35,0.0,0.0,0.05,0.0,0.2,0.15,0.36741328,0.02728788,0.3136457,0.41962516,0.421,True,True,1,0.34167656
168,0.1,0.3,0.0,0.05,0.1,0.1,0.25,0.05,0.05,0.36956462,0.026607852,0.31439674,0.42042232,0.475,True,True,3,0.34268966
169,0.05,0.1,0.0,0.1,0.15,0.1,0.3,0.1,0.1,0.36667293,0.026479043,0.31296328,0.41903928,0.417,True,True,2,0.33917528
170,0.05,0.0,0.0,0.0,0.05,0.05,0.15,0.25,0.45,0.36755314,0.026683524,0.3146034,0.4192737,0.431,True,True,2,0.33716628
171,0.05,0.0,0.0,0.0,0.2,0.1,0.15,0.4,0.1,0.3668884,0.026728325,0.3136289,0.41955832,0.423,True,True,7,0.33800742
172,0.1,0.15,0.2,0.1,0.05,0.2,0.05,0.05,0.1,0.36739814,0.026852619,0.3150212,0.41648272,0.417,True,True,0,0.3411912
173,0.1,0.3,0.05,0.05,0.1,0.05,0.15,0.1,0.1,0.36899912,0.026450718,0.31784004,0.41978437,0.455,True,True,3,0.34143645
174,0.15,0.1,0.1,0.15,0.1,0.15,0.1,0.0,0.15,0.36678314,0.026474865,0.31565297,0.4182128,0.417,True,True,0,0.34035632
175,0.1,0.1,0.05,0.1,0.0,0.2,0.05,0.4,0.0,0.37146002,0.026208488,0.3209596,0.42347768,0.542,True,True,8,0.34186307
176,0.05,0.05,0.15,0.15,0.25,0.0,0.1,0.15,0.1,0.36625072,0.02637223,0.31527194,0.41618434,0.4,True,True,1,0.33989358
177,0.05,0.25,0.05,0.1,0.1,0.05,0.15,0.05,0.2,0.3680495,0.026315233,0.31586194,0.41876504,0.437,True,True,0,0.3408256
178,0.2,0.15,0.05,0.0,0.15,0.2,0.2,0.0,0.05,0.36675546,0.026498549,0.31525236,0.41767827,0.416,True,True,0,0.33952665
179,0.2,0.05,0.05,0.05,0.0,0.05,0.1,0.5,0.0,0.36874786,0.026854534,0.31602246,0.42063388,0.462,True,True,1,0.33860108
180,0.15,0.05,0.1,0.15,0.1,0.25,0.05,0.05,0.1,0.36809862,0.026305059,0.31905437,0.41774696,0.457,True,True,0,0.34018397
181,0.25,0.0,0.0,0.0,0.05,0.0,0.5,0.1,0.1,0.362987,0.02685994,0.30887195,0.4159286,0.324,True,True,3,0.33632496
182,0.1,0.1,0.5,0.0,0.1,0.05,0.05,0.1,0.0,0.3624246,0.027632298,0.3096795,0.41594145,0.272,True,True,2,0.33623308
183,0.2,0.1,0.35,0.0,0.05,0.05,0.1,0.15,0.0,0.364735,0.027065042,0.3115606,0.41599202,0.33,True,True,2,0.3381096
184,0.1,0.1,0.2,0.0,0.05,0.1,0.1,0.1,0.25,0.36642972,0.026836006,0.31480774,0.41737565,0.405,True,True,1,0.33959574
185,0.25,0.0,0.25,0.05,0.2,0.0,0.15,0.1,0.0,0.36430517,0.02650024,0.31286937,0.41306695,0.34,True,True,0,0.33823085
186,0.1,0.3,0.05,0.05,0.05,0.2,0.2,0.05,0.0,0.36785156,0.026597222,0.31436437,0.41892418,0.426,True,True,0,0.34095877
187,0.05,0.15,0.15,0.05,0.0,0.0,0.25,0.2,0.15,0.36527526,0.026720427,0.31087574,0.41482487,0.381,True,True,2,0.33932072
188,0.05,0.25,0.05,0.0,0.25,0.0,0.2,0.1,0.1,0.3667618,0.026423605,0.3151694,0.4171092,0.399,True,True,1,0.33975056
189,0.1111111111111111,0.1111111111111111,0.1111111111111111,0.1111111111111111,0.1111111111111111,0.1111111111111111,0.1111111111111111,0.1111111111111111,0.1111111111111111,0.36750212,0.026533257,0.31442362,0.4168466,0.435,True,True,0,0.34088275
190,0.15,0.05,0.1,0.1,0.15,0.05,0.1,0.25,0.05,0.36810362,0.026551295,0.31661978,0.41944897,0.449,True,True,2,0.34063023
191,0.05,0.1,0.05,0.05,0.05,0.2,0.2,0.25,0.05,0.36712041,0.026353987,0.31554478,0.41910312,0.412,True,True,2,0.3397513
192,0.0,0.05,0.05,0.15,0.15,0.05,0.1,0.2,0.25,0.3667302,0.026198026,0.3158562,0.4160369,0.414,True,True,1,0.33751643
193,0.0,0.05,0.1,0.15,0.05,0.0,0.1,0.5,0.05,0.36767656,0.026339011,0.31613153,0.42020243,0.433,True,True,0,0.33866724
194,0.1,0.05,0.15,0.05,0.15,0.3,0.1,0.05,0.05,0.36626336,0.026355853,0.3156867,0.4164985,0.401,True,True,2,0.34021768
195,0.2,0.0,0.15,0.15,0.2,0.05,0.15,0.05,0.05,0.3645159,0.026649406,0.31242236,0.4152437,0.36,True,True,0,0.33811027
196,0.05,0.0,0.05,0.25,0.0,0.1,0.4,0.0,0.15,0.3615878,0.026599267,0.309254,0.4148632,0.311,True,True,0,0.3345707
197,0.15,0.2,0.0,0.4,0.05,0.0,0.15,0.0,0.05,0.3662017,0.026473036,0.3124347,0.4159769,0.396,True,True,1,0.33801198
198,0.0,0.1,0.55,0.05,0.05,0.1,0.0,0.1,0.05,0.3620185,0.027591066,0.30827793,0.41372988,0.286,True,True,2,0.3385557
199,0.15,0.05,0.0,0.05,0.05,0.1,0.35,0.2,0.05,0.36694008,0.026543595,0.31353498,0.41891778,0.409,True,True,2,0.33974767
200,0.0,0.0,0.0,0.2,0.2,0.4,0.05,0.1,0.05,0.36490503,0.026907358,0.31051788,0.41558063,0.402,True,True,6,0.33474168
201,0.15,0.1,0.2,0.15,0.05,0.1,0.05,0.1,0.1,0.36808324,0.026768254,0.31624734,0.41809362,0.456,True,True,0,0.34112686
202,0.1,0.2,0.15,0.05,0.1,0.1,0.1,0.1,0.1,0.3677354,0.026662325,0.3169684,0.41784486,0.426,True,True,0,0.34095323
203,0.0,0.05,0.05,0.0,0.1,0.15,0.05,0.15,0.45,0.36726806,0.026446015,0.31455222,0.41704902,0.434,True,True,1,0.33679026
204,0.0,0.05,0.1,0.25,0.1,0.05,0.05,0.05,0.35,0.36634803,0.026205473,0.316278,0.41948164,0.409,True,True,1,0.33768854
205,0.05,0.15,0.15,0.05,0.15,0.1,0.1,0.0,0.25,0.36596298,0.026500633,0.31385374,0.41634637,0.394,True,True,0,0.34014016
206,0.05,0.15,0.1,0.1,0.15,0.15,0.05,0.0,0.25,0.3679659,0.026383232,0.31798908,0.4187351,0.439,True,True,1,0.34063983
207,0.05,0.1,0.25,0.1,0.1,0.05,0.05,0.1,0.2,0.36586127,0.02682599,0.3119953,0.4155273,0.38,True,True,0,0.33956775
208,0.05,0.1,0.25,0.15,0.05,0.05,0.1,0.1,0.15,0.36547935,0.026850212,0.3121081,0.41518915,0.378,True,True,0,0.33957613
209,0.05,0.1,0.25,0.1,0.05,0.05,0.2,0.15,0.05,0.36368316,0.026880901,0.311612,0.41521227,0.324,True,True,0,0.3383256
210,0.0,0.0,0.15,0.4,0.2,0.1,0.0,0.0,0.15,0.36318377,0.026047498,0.3131632,0.41176456,0.341,True,True,0,0.33522236
211,0.05,0.15,0.1,0.05,0.15,0.15,0.15,0.05,0.15,0.36651656,0.026607605,0.31498572,0.4166974,0.411,True,True,0,0.34012154
212,0.05,0.05,0.2,0.15,0.15,0.0,0.1,0.3,0.0,0.36614972,0.026420694,0.31597736,0.41694742,0.402,True,True,0,0.34045136
213,0.1,0.05,0.1,0.15,0.2,0.0,0.15,0.05,0.2,0.36536485,0.02651061,0.31511825,0.41626996,0.375,True,True,0,0.33823416
214,0.1,0.05,0.05,0.2,0.15,0.1,0.15,0.2,0.0,0.36692613,0.026196573,0.31672215,0.41650325,0.428,True,True,1,0.3390976
215,0.05,0.0,0.05,0.2,0.1,0.3,0.0,0.05,0.25,0.364881,0.026980644,0.3111381,0.41442886,0.399,True,True,3,0.33543304
216,0.1,0.1,0.1,0.15,0.1,0.35,0.0,0.1,0.0,0.3705829,0.026475925,0.320098,0.4212933,0.509,True,True,3,0.34281263
217,0.0,0.0,0.0,0.0,0.0,1.0,0.0,0.0,0.0,0.36198568,0.026987845,0.30923462,0.41321853,0.337,True,True,3,0.33269513
218,0.05,0.15,0.25,0.0,0.3,0.05,0.0,0.1,0.1,0.36780405,0.02713443,0.31494448,0.4212456,0.433,True,True,3,0.34198058
219,0.15,0.1,0.0,0.35,0.1,0.05,0.1,0.1,0.05,0.369131,0.026207631,0.31583157,0.41985765,0.47,True,True,0,0.33938888
220,0.1,0.0,0.0,0.05,0.05,0.0,0.15,0.0,0.65,0.36740592,0.026761984,0.31299525,0.41963497,0.441,True,True,3,0.33754426
221,0.05,0.1,0.0,0.15,0.05,0.0,0.5,0.1,0.05,0.36382347,0.026604807,0.31124857,0.4178508,0.358,True,True,3,0.33791828
222,0.05,0.0,0.0,0.05,0.05,0.05,0.1,0.3,0.4,0.36797962,0.026838295,0.31551132,0.41922563,0.461,True,True,5,0.33723855
223,0.0,0.05,0.0,0.1,0.05,0.05,0.3,0.2,0.25,0.3662787,0.026560282,0.31309196,0.4186307,0.406,True,True,2,0.3385742
224,0.0,0.0,0.0,0.35,0.1,0.2,0.3,0.0,0.05,0.36473048,0.026623901,0.3112607,0.41481802,0.37,True,True,6,0.33688813
225,0.0,0.25,0.1,0.1,0.05,0.0,0.1,0.1,0.3,0.36841598,0.026425313,0.31799364,0.41879612,0.44,True,True,1,0.3410088
226,0.05,0.2,0.1,0.15,0.15,0.15,0.05,0.0,0.15,0.368288,0.026282337,0.31804696,0.4179576,0.453,True,True,2,0.34128132
227,0.0,0.2,0.1,0.05,0.0,0.35,0.1,0.05,0.15,0.36794043,0.026350737,0.31751272,0.41940606,0.451,True,True,1,0.34164461
228,0.05,0.25,0.05,0.0,0.05,0.0,0.15,0.25,0.2,0.3692717,0.02628086,0.3173378,0.42084056,0.457,True,True,1,0.34176347
229,0.2,0.05,0.05,0.15,0.1,0.0,0.25,0.15,0.05,0.36553085,0.026546499,0.31352025,0.4154287,0.381,True,True,1,0.33856636
230,0.05,0.05,0.15,0.05,0.2,0.35,0.1,0.05,0.0,0.3658134,0.026304055,0.31612745,0.41646588,0.376,True,True,0,0.3396927
231,0.05,0.05,0.1,0.0,0.0,0.2,0.05,0.45,0.1,0.36963633,0.026249977,0.31914532,0.4221978,0.478,True,True,1,0.34042186
232,0.0,0.05,0.25,0.25,0.3,0.0,0.05,0.05,0.05,0.36370808,0.026567226,0.3122143,0.41248822,0.342,True,True,0,0.33841798
233,0.0,0.2,0.25,0.25,0.0,0.05,0.1,0.05,0.1,0.3626109,0.027086716,0.3108261,0.41246775,0.291,True,True,0,0.3368961
234,0.05,0.0,0.3,0.05,0.0,0.25,0.05,0.05,0.25,0.36449578,0.026844474,0.31153455,0.41510665,0.361,True,True,0,0.3389339
235,0.05,0.05,0.45,0.0,0.0,0.05,0.15,0.2,0.05,0.36173633,0.027292905,0.30925176,0.41219783,0.271,True,True,4,0.33578533
236,0.0,0.05,0.4,0.05,0.2,0.1,0.05,0.05,0.1,0.36241737,0.027206872,0.30939358,0.41385394,0.291,True,True,1,0.3369178
237,0.05,0.15,0.2,0.0,0.1,0.1,0.2,0.15,0.05,0.36484975,0.026972964,0.31357017,0.41552952,0.342,True,True,0,0.33847266
238,0.05,0.05,0.25,0.0,0.15,0.15,0.1,0.15,0.1,0.3648585,0.026735337,0.3112899,0.41674602,0.358,True,True,1,0.33956724
239,0.1,0.05,0.15,0.0,0.1,0.05,0.2,0.0,0.35,0.36337516,0.026628554,0.31193817,0.41580495,0.324,True,True,0,0.33733135
240,0.0,0.2,0.05,0.0,0.05,0.0,0.3,0.3,0.1,0.36569318,0.026857696,0.311268,0.41760197,0.389,True,True,1,0.33912563
241,0.0,0.1,0.05,0.05,0.05,0.15,0.3,0.0,0.3,0.3637476,0.026411196,0.31119964,0.41520205,0.344,True,True,0,0.33689678
242,0.05,0.05,0.55,0.1,0.0,0.05,0.2,0.0,0.0,0.35574192,0.02755421,0.3019707,0.4086671,0.138,True,True,1,0.33034632
243,0.0,0.15,0.05,0.25,0.05,0.0,0.0,0.15,0.35,0.37068292,0.026131246,0.31895018,0.42004043,0.528,True,True,5,0.34107348
244,0.05,0.05,0.25,0.0,0.25,0.05,0.1,0.2,0.05,0.36456096,0.026783379,0.31244382,0.41507274,0.356,True,True,0,0.33878666
245,0.15,0.05,0.05,0.05,0.15,0.1,0.2,0.0,0.25,0.36464995,0.02655359,0.31485817,0.41616428,0.36,True,True,0,0.33738098
246,0.05,0.05,0.05,0.0,0.15,0.0,0.25,0.0,0.45,0.36276683,0.026643004,0.3109227,0.41473606,0.322,True,True,0,0.33625972
247,0.0,0.0,0.05,0.15,0.0,0.3,0.25,0.25,0.0,0.36518112,0.026434666,0.31196123,0.41595444,0.378,True,True,2,0.33780247
248,0.05,0.1,0.15,0.0,0.25,0.0,0.35,0.05,0.05,0.3604152,0.0266236,0.30875984,0.4092048,0.259,True,True,1,0.33514422
249,0.1,0.0,0.05,0.1,0.05,0.1,0.55,0.0,0.05,0.3586028,0.026501786,0.30668733,0.410828,0.25,True,True,0,0.3331269
250,0.1,0.0,0.6,0.0,0.05,0.0,0.0,0.1,0.15,0.36094898,0.027624702,0.30648112,0.41498098,0.249,True,True,0,0.3363153
251,0.25,0.05,0.1,0.05,0.2,0.0,0.35,0.0,0.0,0.36177617,0.026630374,0.31091794,0.4122519,0.278,True,True,0,0.33565223
252,0.05,0.15,0.1,0.0,0.0,0.0,0.6,0.1,0.0,0.35813046,0.026910724,0.3043929,0.41062498,0.224,True,True,1,0.3329924
253,0.0,0.05,0.8,0.0,0.1,0.05,0.0,0.0,0.0,0.35422632,0.027911905,0.3015491,0.40673798,0.104,True,False,1,0.32843325
254,0.0,0.0,0.2,0.0,0.15,0.1,0.0,0.0,0.55,0.3641248,0.026534012,0.31498677,0.41511852,0.352,True,True,0,0.3383568
255,0.1,0.05,0.1,0.25,0.15,0.1,0.1,0.15,0.0,0.36785123,0.026243573,0.3197999,0.41932544,0.453,True,True,0,0.34012604
256,0.05,0.15,0.05,0.15,0.15,0.05,0.15,0.2,0.05,0.36784837,0.026295928,0.31669465,0.41879538,0.433,True,True,0,0.34069484
257,0.0,0.05,0.1,0.15,0.0,0.15,0.05,0.1,0.4,0.3676826,0.02617101,0.31875238,0.4205605,0.445,True,True,0,0.3389253
258,0.1,0.0,0.35,0.05,0.05,0.1,0.05,0.1,0.2,0.36402088,0.026935447,0.30998728,0.4153907,0.314,True,True,0,0.33773625
259,0.05,0.0,0.25,0.05,0.1,0.2,0.1,0.1,0.15,0.36404505,0.026724564,0.31249738,0.41738957,0.345,True,True,0,0.33868733
260,0.05,0.05,0.3,0.15,0.05,0.0,0.4,0.0,0.0,0.35777876,0.026623564,0.304027,0.4097928,0.187,True,True,0,0.3325315
261,0.0,0.0,0.4,0.15,0.0,0.1,0.0,0.1,0.25,0.36465964,0.027043747,0.31316444,0.41584814,0.347,True,True,0,0.34031588
262,0.15,0.05,0.0,0.35,0.0,0.25,0.1,0.0,0.1,0.36762282,0.02643444,0.3141095,0.41873112,0.444,True,True,1,0.33770975
263,0.15,0.0,0.0,0.55,0.0,0.1,0.15,0.0,0.05,0.36070323,0.026479058,0.30771986,0.4111408,0.307,True,True,1,0.33114663
264,0.05,0.05,0.1,0.25,0.05,0.35,0.0,0.05,0.1,0.3681405,0.026135884,0.31817806,0.41690275,0.453,True,True,2,0.33955595
265,0.0,0.1,0.2,0.1,0.2,0.15,0.1,0.15,0.0,0.36563322,0.026424762,0.31298462,0.4149657,0.382,True,True,0,0.34009364
266,0.05,0.1,0.15,0.45,0.05,0.15,0.05,0.0,0.0,0.36115274,0.026553879,0.31067482,0.41402707,0.283,True,True,0,0.33495712
267,0.05,0.0,0.05,0.1,0.15,0.1,0.1,0.05,0.4,0.36496335,0.026459267,0.31437594,0.41585568,0.386,True,True,0,0.33521092
268,0.1,0.05,0.15,0.1,0.05,0.05,0.35,0.15,0.0,0.36230284,0.026632367,0.30927512,0.41178495,0.302,True,True,0,0.33685184
269,0.05,0.2,0.1,0.15,0.15,0.0,0.25,0.05,0.05,0.36456513,0.026558653,0.3113241,0.41547367,0.349,True,True,0,0.3384888
270,0.05,0.0,0.15,0.0,0.2,0.1,0.2,0.05,0.25,0.36256826,0.026431102,0.31063673,0.41412097,0.315,True,True,0,0.3365179
271,0.1,0.0,0.05,0.1,0.05,0.3,0.25,0.05,0.1,0.3642552,0.026300013,0.3111658,0.41594285,0.357,True,True,0,0.336792
272,0.0,0.0,0.05,0.0,0.2,0.15,0.25,0.15,0.2,0.36226282,0.0262818,0.30841714,0.4142084,0.323,True,True,0,0.33519846
273,0.1,0.1,0.15,0.05,0.2,0.0,0.3,0.05,0.05,0.36225846,0.0267502,0.3106256,0.41199473,0.298,True,True,0,0.3365121
274,0.0,0.0,0.3,0.05,0.1,0.05,0.25,0.2,0.05,0.36120114,0.026899068,0.3089166,0.41354513,0.269,True,True,0,0.33624932
275,0.05,0.05,0.0,0.15,0.1,0.1,0.25,0.05,0.25,0.3664727,0.026321843,0.31266442,0.41907635,0.407,True,True,0,0.33859318
276,0.0,0.0,0.0,0.2,0.25,0.05,0.2,0.2,0.1,0.36518833,0.026417635,0.3127432,0.41554797,0.395,True,True,1,0.33694074
277,0.0,0.05,0.0,0.1,0.05,0.05,0.45,0.2,0.1,0.3645195,0.026582548,0.31136632,0.41964403,0.376,True,True,2,0.3381045
278,0.1,0.0,0.05,0.35,0.05,0.0,0.15,0.05,0.25,0.36373326,0.026239447,0.3142702,0.4148529,0.349,True,True,1,0.33481583
279,0.05,0.0,0.2,0.2,0.3,0.05,0.15,0.0,0.05,0.3622841,0.026384555,0.3113904,0.41187853,0.305,True,True,0,0.3371345
280,0.05,0.0,0.15,0.15,0.0,0.15,0.05,0.35,0.1,0.36867854,0.026233051,0.32031113,0.4209322,0.473,True,True,3,0.3406719
281,0.0,0.05,0.1,0.3,0.25,0.1,0.15,0.0,0.05,0.3636514,0.026294893,0.31240752,0.4131865,0.346,True,True,0,0.3372157
282,0.1,0.05,0.25,0.0,0.1,0.25,0.2,0.0,0.05,0.36288315,0.026633611,0.31048355,0.4122051,0.304,True,True,0,0.33761767
283,0.0,0.1,0.25,0.05,0.05,0.0,0.15,0.05,0.35,0.36360675,0.026818717,0.31213328,0.4155804,0.321,True,True,1,0.3375152
284,0.0,0.15,0.6,0.0,0.0,0.0,0.25,0.0,0.0,0.3516084,0.027621396,0.2979409,0.4043184,0.08,True,False,1,0.32816744
285,0.05,0.0,0.2,0.15,0.2,0.0,0.3,0.1,0.0,0.36061776,0.026640955,0.30927667,0.41018063,0.261,True,True,1,0.3353953
286,0.05,0.0,0.15,0.05,0.25,0.05,0.25,0.1,0.1,0.3619997,0.026775029,0.31000498,0.41250587,0.302,True,True,1,0.33609307
287,0.0,0.0,0.15,0.15,0.05,0.15,0.2,0.1,0.2,0.3636101,0.026433237,0.312376,0.41557506,0.341,True,True,0,0.33668062
288,0.2,0.1,0.1,0.05,0.05,0.0,0.45,0.0,0.05,0.36018282,0.026638297,0.30646938,0.41250867,0.263,True,True,1,0.33426404
289,0.05,0.1,0.15,0.25,0.2,0.05,0.1,0.05,0.05,0.36605856,0.026420861,0.31523332,0.4153915,0.389,True,True,0,0.34002414
290,0.1,0.1,0.05,0.3,0.05,0.2,0.1,0.1,0.0,0.36754322,0.026071083,0.31713757,0.41770658,0.432,True,True,3,0.33932966
291,0.0,0.0,0.15,0.05,0.05,0.2,0.2,0.05,0.3,0.363366,0.026518885,0.3109423,0.41523662,0.34,True,True,0,0.33692178
292,0.0,0.1,0.15,0.5,0.05,0.0,0.05,0.1,0.05,0.3597686,0.02640125,0.308556,0.41009292,0.263,True,True,0,0.3332342
293,0.1,0.05,0.1,0.05,0.15,0.15,0.2,0.0,0.2,0.36369142,0.026539959,0.3130575,0.41530895,0.346,True,True,0,0.33718178
294,0.05,0.0,0.05,0.3,0.05,0.1,0.05,0.3,0.1,0.3669363,0.02628229,0.31603345,0.41602278,0.426,True,True,4,0.33603555
295,0.0,0.0,0.35,0.15,0.15,0.35,0.0,0.0,0.0,0.36281547,0.026688179,0.3121453,0.41287422,0.31,True,True,2,0.3389438
296,0.05,0.0,0.15,0.3,0.0,0.1,0.05,0.0,0.35,0.36440536,0.02638392,0.31488162,0.4173312,0.36,True,True,0,0.33721548
297,0.05,0.05,0.2,0.1,0.1,0.15,0.1,0.1,0.15,0.36520186,0.02660267,0.31288207,0.41594943,0.384,True,True,0,0.3393152
298,0.1,0.0,0.35,0.0,0.1,0.1,0.25,0.1,0.0,0.36070138,0.026856113,0.30813527,0.41069075,0.248,True,True,0,0.3357057
299,0.0,0.05,0.25,0.4,0.15,0.0,0.1,0.05,0.0,0.36043966,0.026611866,0.3089629,0.41059133,0.248,True,True,0,0.33586115
300,0.0,0.0,0.3,0.15,0.25,0.05,0.1,0.05,0.1,0.36211932,0.026633676,0.31214395,0.41396302,0.295,True,True,0,0.337122
301,0.0,0.0,0.25,0.25,0.25,0.0,0.1,0.1,0.05,0.36285952,0.02643957,0.31138048,0.4139134,0.322,True,True,0,0.33746967
302,0.0,0.0,0.15,0.3,0.25,0.1,0.15,0.0,0.05,0.3624614,0.02637643,0.31203452,0.41330823,0.324,True,True,0,0.3365289
303,0.0,0.05,0.35,0.1,0.3,0.0,0.15,0.05,0.0,0.3608005,0.026931267,0.30984557,0.4122451,0.267,True,True,1,0.336243
304,0.0,0.1,0.05,0.15,0.15,0.1,0.2,0.05,0.2,0.36521357,0.02605428,0.31515193,0.41692883,0.377,True,True,1,0.3379113
305,0.0,0.05,0.15,0.25,0.1,0.0,0.15,0.1,0.2,0.36490184,0.026375858,0.3143279,0.41592818,0.37,True,True,1,0.33823356
