design,seed,n,K,min_pairwise_L1,mean_nearest_L1,centred_L2_discrepancy,mean_distinct_values_per_weight,share_with_a_zero_weight,best_J_found,regret,share_of_grid_max,n_lookup_miss
uniform_lattice,0,100,3,0.03999999999999991,0.0836,0.26107232850516954,38.666666666666664,0.12,0.9346212298040328,0.00022727287797918994,0.9997568880119857,0
dirichlet_lattice,0,100,3,0.03999999999999991,0.06880000000000001,0.28119312066818264,38.0,0.07,0.9340712390218896,0.0007772636601224292,0.9991685672513861,0
lhs_simplex,0,100,3,0.039999999999999904,0.08439999999999998,0.2635491739905677,39.0,0.04,0.934451448616728,0.0003970540652840082,0.9995752744277336,0
uniform_lattice,1,100,3,0.0399999999999999,0.0756,0.2699760091399064,40.0,0.06,0.934451448616728,0.0003970540652840082,0.9995752744277336,0
dirichlet_lattice,1,100,3,0.03999999999999987,0.0772,0.27394852784986895,39.333333333333336,0.08,0.9340712390218896,0.0007772636601224292,0.9991685672513861,0
lhs_simplex,1,100,3,0.039999999999999966,0.08319999999999998,0.27310511952563393,38.333333333333336,0.05,0.9333960979717356,0.0014524047102764115,0.9984463742455494,0
uniform_lattice,2,100,3,0.0399999999999999,0.0852,0.2699669830018316,39.333333333333336,0.13,0.9346212298040328,0.00022727287797918994,0.9997568880119857,0
dirichlet_lattice,2,100,3,0.0399999999999999,0.08159999999999998,0.27096941360808785,39.0,0.04,0.9342381297996156,0.0006103728823964039,0.9993470889875254,0
lhs_simplex,2,100,3,0.039999999999999925,0.0788,0.26391625624639176,40.0,0.07,0.9346212298040328,0.00022727287797918994,0.9997568880119857,0
uniform_lattice,3,100,3,0.03999999999999991,0.08559999999999997,0.2722608086212757,39.0,0.12,0.93372759169783,0.0011209109841819886,0.99880097044498,0
dirichlet_lattice,3,100,3,0.039999999999999925,0.08039999999999999,0.27536563749151943,39.0,0.08,0.9336808025521262,0.0011677001298858736,0.9987509204683584,0
lhs_simplex,3,100,3,0.0399999999999999,0.08079999999999998,0.2684692219065555,40.0,0.04,0.9339799143364212,0.0008685883455907817,0.9990708779624732,0
uniform_lattice,4,100,3,0.0399999999999999,0.08599999999999998,0.2802214936636922,39.333333333333336,0.15,0.9341868344324252,0.0006616682495867998,0.9992922187416586,0
dirichlet_lattice,4,100,3,0.0399999999999999,0.07400000000000001,0.3051443171863286,38.0,0.05,0.9334143654239684,0.001434137258043644,0.9984659147937562,0
lhs_simplex,4,100,3,0.039999999999999925,0.08039999999999997,0.247688541339948,36.666666666666664,0.06,0.9338246452202568,0.001023857461755262,0.9989047878251739,0
uniform_lattice,5,100,3,0.03999999999999987,0.08479999999999997,0.23462769127089714,41.0,0.14,0.9341130804835154,0.0007354221984966491,0.9992133247297431,0
dirichlet_lattice,5,100,3,0.03999999999999987,0.08159999999999998,0.2466272959571003,38.666666666666664,0.03,0.9339087648025596,0.0009397378794524514,0.9989947698725982,0
lhs_simplex,5,100,3,0.0399999999999999,0.0768,0.2535762037556189,40.0,0.06,0.9340422380530188,0.0008062646289932474,0.9991375451458925,0
uniform_lattice,6,100,3,0.039999999999999966,0.08040000000000001,0.25802732861290195,40.0,0.08,0.9340712390218896,0.0007772636601224292,0.9991685672513861,0
dirichlet_lattice,6,100,3,0.0399999999999999,0.08879999999999999,0.2568599554448132,38.0,0.05,0.9341868344324252,0.0006616682495867998,0.9992922187416586,0
lhs_simplex,6,100,3,0.039999999999999966,0.0788,0.26183345376615036,38.666666666666664,0.07,0.9341868344324252,0.0006616682495867998,0.9992922187416586,0
uniform_lattice,7,100,3,0.03999999999999991,0.0776,0.27454425055191234,39.333333333333336,0.09,0.9341130804835154,0.0007354221984966491,0.9992133247297431,0
dirichlet_lattice,7,100,3,0.03999999999999995,0.0696,0.28189811618936145,37.0,0.03,0.934848502682012,0.0,1.0,0
lhs_simplex,7,100,3,0.039999999999999925,0.07400000000000001,0.25783166273968566,38.0,0.06,0.9340712390218896,0.0007772636601224292,0.9991685672513861,0
uniform_lattice,8,100,3,0.0399999999999999,0.08399999999999996,0.2915956212138839,39.333333333333336,0.11,0.934451448616728,0.0003970540652840082,0.9995752744277336,0
dirichlet_lattice,8,100,3,0.0399999999999999,0.076,0.25031067398557033,38.0,0.07,0.9341868344324252,0.0006616682495867998,0.9992922187416586,0
lhs_simplex,8,100,3,0.039999999999999966,0.0812,0.2794590329746217,39.333333333333336,0.05,0.9341868344324252,0.0006616682495867998,0.9992922187416586,0
uniform_lattice,9,100,3,0.03999999999999991,0.09159999999999996,0.24562008694549167,40.666666666666664,0.1,0.934848502682012,0.0,1.0,0
dirichlet_lattice,9,100,3,0.03999999999999987,0.078,0.2590270455205601,38.666666666666664,0.06,0.9340712390218896,0.0007772636601224292,0.9991685672513861,0
lhs_simplex,9,100,3,0.0399999999999999,0.0796,0.2727091093291733,39.333333333333336,0.06,0.93379486718046,0.0010536355015520193,0.9988729344930979,0
uniform_lattice,10,100,3,0.039999999999999925,0.08359999999999998,0.2493751661876355,40.0,0.13,0.9341868344324252,0.0006616682495867998,0.9992922187416586,0
dirichlet_lattice,10,100,3,0.0399999999999999,0.07279999999999999,0.2927097345684124,37.666666666666664,0.05,0.9342381297996156,0.0006103728823964039,0.9993470889875254,0
lhs_simplex,10,100,3,0.039999999999999966,0.0784,0.2730068495681218,36.666666666666664,0.05,0.9341130804835154,0.0007354221984966491,0.9992133247297431,0
uniform_lattice,11,100,3,0.0399999999999999,0.086,0.28916110373131293,38.666666666666664,0.15,0.934488474886174,0.0003600277958379916,0.9996148811333546,0
dirichlet_lattice,11,100,3,0.03999999999999995,0.08159999999999998,0.2817456979460579,38.666666666666664,0.07,0.9342381297996156,0.0006103728823964039,0.9993470889875254,0
lhs_simplex,11,100,3,0.0399999999999999,0.0796,0.2804765129402301,38.0,0.04,0.93379486718046,0.0010536355015520193,0.9988729344930979,0
uniform_lattice,12,100,3,0.039999999999999925,0.08439999999999998,0.2592698900973868,38.333333333333336,0.09,0.9341130804835154,0.0007354221984966491,0.9992133247297431,0
dirichlet_lattice,12,100,3,0.0399999999999999,0.07799999999999999,0.23582872070871877,38.666666666666664,0.05,0.934848502682012,0.0,1.0,0
lhs_simplex,12,100,3,0.03999999999999991,0.0756,0.2852956163545294,38.333333333333336,0.06,0.9337210782873836,0.001127424394628429,0.9987940031016855,0
uniform_lattice,13,100,3,0.0399999999999999,0.07440000000000001,0.24721301565878498,38.666666666666664,0.1,0.9336813103088056,0.0011671923732063938,0.9987514636116357,0
dirichlet_lattice,13,100,3,0.0399999999999999,0.07919999999999999,0.28208152848265433,38.666666666666664,0.07,0.9338777028065572,0.0009707998754547864,0.998961543102792,0
lhs_simplex,13,100,3,0.03999999999999995,0.0816,0.26995055827153,40.0,0.06,0.934488474886174,0.0003600277958379916,0.9996148811333546,0
uniform_lattice,14,100,3,0.0399999999999999,0.07840000000000001,0.257101162796108,38.333333333333336,0.12,0.9340712390218896,0.0007772636601224292,0.9991685672513861,0
dirichlet_lattice,14,100,3,0.03999999999999987,0.08159999999999998,0.2671526109007931,41.0,0.07,0.9339087648025596,0.0009397378794524514,0.9989947698725982,0
lhs_simplex,14,100,3,0.039999999999999925,0.078,0.27733909481194824,38.666666666666664,0.05,0.933781207437539,0.001067295244473021,0.998858322774855,0
uniform_lattice,15,100,3,0.039999999999999904,0.07919999999999999,0.2545935881186153,38.666666666666664,0.12,0.9338777028065572,0.0009707998754547864,0.998961543102792,0
dirichlet_lattice,15,100,3,0.0399999999999999,0.08439999999999999,0.2956598354716287,38.333333333333336,0.11,0.9339087648025596,0.0009397378794524514,0.9989947698725982,0
lhs_simplex,15,100,3,0.0399999999999999,0.07759999999999999,0.2777422919022432,38.666666666666664,0.05,0.93372759169783,0.0011209109841819886,0.99880097044498,0
uniform_lattice,16,100,3,0.0399999999999999,0.07159999999999998,0.2722858863604779,38.333333333333336,0.07,0.9340712390218896,0.0007772636601224292,0.9991685672513861,0
dirichlet_lattice,16,100,3,0.039999999999999925,0.092,0.28997004381678937,39.666666666666664,0.07,0.934848502682012,0.0,1.0,0
lhs_simplex,16,100,3,0.03999999999999995,0.08319999999999997,0.271215173452944,39.0,0.05,0.933581380918305,0.0012671217637070242,0.9986445699382609,0
uniform_lattice,17,100,3,0.0399999999999999,0.07719999999999999,0.25662127719873595,38.0,0.13,0.934488474886174,0.0003600277958379916,0.9996148811333546,0
dirichlet_lattice,17,100,3,0.03999999999999991,0.0788,0.2617157662639197,37.333333333333336,0.05,0.934488474886174,0.0003600277958379916,0.9996148811333546,0
lhs_simplex,17,100,3,0.0399999999999999,0.07800000000000001,0.2801730306633932,38.333333333333336,0.07,0.9340422380530188,0.0008062646289932474,0.9991375451458925,0
uniform_lattice,18,100,3,0.03999999999999991,0.08599999999999998,0.26988846124114174,39.0,0.1,0.9334659106627,0.0013825920193120123,0.9985210523252211,0
dirichlet_lattice,18,100,3,0.03999999999999987,0.0776,0.26741779879265876,39.333333333333336,0.06,0.9346212298040328,0.00022727287797918994,0.9997568880119857,0
lhs_simplex,18,100,3,0.03999999999999991,0.07319999999999999,0.2670134901294519,40.333333333333336,0.05,0.934488474886174,0.0003600277958379916,0.9996148811333546,0
uniform_lattice,19,100,3,0.0399999999999999,0.07959999999999998,0.2651200269898719,39.0,0.12,0.9340422380530188,0.0008062646289932474,0.9991375451458925,0
dirichlet_lattice,19,100,3,0.039999999999999925,0.07919999999999998,0.2796083144527562,40.0,0.07,0.9342381297996156,0.0006103728823964039,0.9993470889875254,0
lhs_simplex,19,100,3,0.03999999999999991,0.08119999999999998,0.28049309565675795,40.0,0.07,0.9341868344324252,0.0006616682495867998,0.9992922187416586,0
