metric,rho,auc,gap,family,representative,cluster
rouge_l,0.8494440913396805,0.9645317291109823,0.7997095584869385,seq,False,tok_f1
rouge1,0.845547255854459,0.9648505993736864,0.8015756011009216,seq,False,tok_f1
tok_f1,0.845547255854459,0.9648505993736864,0.8015756011009216,token,True,tok_f1
stem_f1,0.8455403126698233,0.9648500399571802,0.8015226125717163,token,False,tok_f1
tok_f0p5,0.8452184460270551,0.9648527599772333,0.828473687171936,token,False,tok_f1
jaccard,0.8437880719565666,0.9635443732483556,0.8355238437652588,set,False,tok_f1
dice,0.8437880719565666,0.9635443732483556,0.7938423156738281,set,False,tok_f1
content_f1,0.8428642878630893,0.9628420714914658,0.7860957980155945,token,False,tok_f1
tok_f2,0.8413026478122141,0.9647538345889418,0.7493919730186462,token,False,tok_f1
tok_prec,0.8393233764776291,0.9648684150769097,0.8401528000831604,token,False,tok_f1
ter_score,0.8386774148397887,0.96619481730062,0.9119359254837036,seq,False,em_norm
rouge2,0.837609722835009,0.965580789185077,0.8705132007598877,seq,False,tok_f1
bigram_f1,0.837609722835009,0.965580789185077,0.8705132007598877,token,False,tok_f1
extra_token_score,0.837509467910007,0.9638315765409761,0.8380807638168335,length,False,tok_f1
jaro_winkler,0.8343233940694684,0.9675378364778973,0.48969966173171997,char,False,lev_sim
jaro_sim,0.8334826860360447,0.9684329999294679,0.5031073093414307,char,False,lev_sim
trigram_f1,0.8317394267181297,0.9658894929090305,0.8970937132835388,token,False,em_norm
bigram_prec,0.8317001733716399,0.965607056073376,0.889607846736908,token,False,tok_f1
em_no_space,0.8305777663339681,0.9626144460567564,0.9252288937568665,em,False,em_norm
em_norm,0.8305777663339681,0.9626144460567564,0.9252288937568665,em,True,em_norm
lcs_substr_ratio,0.8292702235851082,0.9698837010758584,0.7474212050437927,char,False,lev_sim
bool_label_agree,0.8279264952740318,0.960288058286542,0.9205761551856995,task,False,em_norm
attribute_match_score,0.8279264952740318,0.960288058286542,0.9205761551856995,task,False,em_norm
lev_sim,0.826508994453033,0.9696615499312454,0.7253191471099854,char,True,lev_sim
damerau_sim,0.826491407355763,0.9700839893100757,0.724079966545105,char,False,lev_sim
bleu1,0.8141887339823815,0.9534047978025572,0.5609685182571411,seq,True,bleu1
native_style_metric,0.8135729328209312,0.9354582110960697,0.8656242489814758,task,True,native_style_metric
year_aware_em,0.8124806413136872,0.953263562259735,0.9065271019935608,task,False,em_norm
wer_score,0.8104711742714931,0.9709204454243189,0.8270856142044067,seq,False,lev_sim
numeric_or_em,0.8087114327839082,0.9319300568163954,0.8638601303100586,task,False,native_style_metric
pred_in_gold,0.8055727891089639,0.9516383859550563,0.903276801109314,set,True,pred_in_gold
num_decay_10,0.8034908108952604,0.9273437747777273,0.8251933455467224,num_graded,False,num_decay_2p5
num_decay_5,0.803439057615369,0.9272700573822051,0.8120714426040649,num_graded,False,num_decay_2p5
num_decay_0p5,0.8034101227571232,0.9272331986844442,0.6744948625564575,num_graded,False,num_decay_2p5
num_decay_1,0.8034097669954431,0.9272331986844442,0.7277352809906006,num_graded,False,num_decay_2p5
num_decay_2p5,0.8034097332150193,0.9272331986844442,0.7865570187568665,num_graded,True,num_decay_2p5
num_tol_5,0.8030163095400304,0.9146152140328695,0.8292304277420044,num_tol,False,num_tol_1
num_tol_10,0.8022432507560123,0.912506133887824,0.8250122666358948,num_tol,True,num_tol_10
num_tol_0p1,0.7998344248408321,0.9227815562113236,0.8455631136894226,num_tol,False,num_tol_1
num_tol_2,0.7984546985862537,0.9172793152687164,0.8345586657524109,num_tol,False,num_tol_1
num_tol_20,0.7981123521887917,0.9071810652902311,0.814362108707428,num_tol,False,num_tol_10
num_tol_0p5,0.7967294932439559,0.9202748622219937,0.8405497670173645,num_tol,False,num_tol_1
num_tol_1,0.7952832567676702,0.9190553827592811,0.8381108045578003,num_tol,True,num_tol_1
meteor_lite,0.794336372073436,0.8879449464744579,0.4668140113353729,seq,True,meteor_lite
bleu2,0.7937542840242028,0.9559441805533442,0.3918655514717102,seq,True,bleu2
em_list_ordered,0.7895197217119998,0.9349164647306273,0.8698329329490662,em,False,em_list_set
em_casefold,0.7876990842923741,0.9020584084262465,0.8041168451309204,em,False,em_raw
em_list_set,0.7871364663211005,0.9338804253611314,0.8677608370780945,em,True,em_list_set
bleu4,0.7803288649567739,0.9528903800751093,0.2782379984855652,seq,False,bleu2
em_raw,0.7796251014818633,0.8875551444820994,0.7751103043556213,em,True,em_raw
list_precision,0.7795298374778146,0.9293823712971565,0.833617091178894,em,False,list_recall
bigram_rec,0.7716519703584077,0.8986879411013422,0.7921814918518066,token,True,bigram_rec
chrf2,0.7705662970725408,0.9224645896772402,0.6298860311508179,char,True,chrf2
prefix_ratio,0.7694215383521593,0.866412953775551,0.6998614072799683,char,True,prefix_ratio
em_first_token,0.7496394728292113,0.8662140697909311,0.7324281930923462,em,True,em_first_token
rouge_l_recall,0.7449378954887923,0.8377990877537951,0.6644061803817749,seq,False,tok_rec
content_rec,0.7429072966118487,0.8378675905883128,0.665402352809906,token,False,tok_rec
overlap_coef,0.7414669194087072,0.8388544013052626,0.6659862399101257,set,False,tok_rec
tok_rec,0.7412034120585268,0.8378926787061167,0.6661585569381714,token,True,tok_rec
list_recall,0.7375569572427506,0.88824642630465,0.7611962556838989,em,True,list_recall
gold_in_pred,0.6281684406748348,0.7791961643755669,0.5583922863006592,set,True,gold_in_pred
chrf4,0.6104263106279728,0.6544043443783539,0.2966875731945038,char,True,chrf4
number_set_jaccard,0.5963143241850908,0.7339093032403482,0.4229746460914612,set,True,number_set_jaccard
chrf3,0.5455112946214874,0.7590848584149932,0.43755969405174255,char,True,chrf3
em_numbers_only,0.5312561529132765,0.6559855836539685,0.31197118759155273,em,True,em_numbers_only
not_abstaining,0.4767738949392942,0.6141123362687783,0.22822469472885132,length,True,not_abstaining
num_abs_0p01,0.4757520230123726,0.6198911544445539,0.23978230357170105,num_tol,True,num_abs_0p01
num_round_to_gold_precision,0.4684093302129402,0.6160318998015167,0.23206380009651184,num_tol,True,num_round_to_gold_precision
num_linear,0.4512889172181447,0.5689424331416788,0.16745930910110474,num_graded,True,num_linear
num_log_ratio,0.4319830194446529,0.5494537691691772,0.15534797310829163,num_graded,False,num_sign_agree
length_ratio_score,0.42088513848891623,0.725758658974058,0.3046553134918213,length,True,length_ratio_score
num_smape,0.4190557175171149,0.5463279894824217,0.13380025327205658,num_graded,False,num_sign_agree
num_inv_rel,0.41439057630251064,0.5295424745887335,0.10316826403141022,num_graded,False,num_sign_agree
entity_set_jaccard,0.4034477836929695,0.624311409655844,0.23433929681777954,set,True,entity_set_jaccard
final_tag_present,0.4006161467855611,0.6189062017895711,0.23781239986419678,structure,True,final_tag_present
type_agree,0.36825749851516576,0.6498439810197514,0.299687922000885,structure,True,type_agree
number_count_agree,0.3509515481679804,0.6244727299637386,0.2489454746246338,commit,True,number_count_agree
not_too_long,0.3342719321234071,0.5982017316658033,0.19640344381332397,length,True,not_too_long
num_magnitude_agree,0.30835739850542365,0.5411328624933907,0.08226573467254639,num_tol,True,num_magnitude_agree
num_sign_agree,0.23393812847229575,0.507128710184415,0.014257431030273438,num_tol,True,num_sign_agree
single_candidate,0.218597395772803,0.6673880932375152,0.3347761631011963,structure,False,hedge_free
hedge_free,0.218597395772803,0.6673880932375152,0.3347761631011963,commit,True,hedge_free
brevity_penalty,0.1478348927579804,0.5189361260059878,0.030454516410827637,length,True,brevity_penalty
list_length_match,0.14294686285408137,0.5743299594505233,0.14865988492965698,structure,True,list_length_match
num_unit_equiv_hit,0.11035353111429409,0.5074483910302198,0.014896782115101814,num_tol,True,num_unit_equiv_hit
unit_word_match,0.0878919866815865,0.5065241778786483,0.013048350811004639,structure,True,unit_word_match
percent_sign_agree,0.055264472928678206,0.50555972098862,0.011119425296783447,structure,True,percent_sign_agree
first_last_number_agree,0.02801373505343668,0.5487832114448489,0.09756642580032349,commit,True,first_last_number_agree
bertscore_f_placeholder,0.0,0.5,0.0,semantic,False,_constant
nli_gold_entails_pred,0.0,0.5,0.0,semantic,False,_constant
emb_question_free_placeholder,0.0,0.5,0.0,semantic,False,_constant
emb_cos_bge_thresh,0.0,0.5,0.0,semantic,False,_constant
emb_cos_minilm_thresh,0.0,0.5,0.0,semantic,False,_constant
emb_cos_bge,0.0,0.5,0.0,semantic,False,_constant
program_exec_match,0.0,0.5,0.0,task,False,_constant
sql_result_match_placeholder,0.0,0.5,0.0,task,False,_constant
emb_cos_minilm,0.0,0.5,0.0,semantic,False,_constant
nli_pred_entails_gold,0.0,0.5,0.0,semantic,False,_constant
currency_symbol_agree,-0.20378376768082043,0.4629964361971889,-0.07400715351104736,structure,True,currency_symbol_agree
reasoning_final_consistent,-0.21312601177822071,0.4725008798251643,-0.05499821901321411,commit,True,reasoning_final_consistent
