op,utility,n,ensemble,em,native,tok_f1,abs_err_ensemble
identity,1.0,3083,0.999,1.0,1.0,1.0,0.001
verbose,1.0,3083,0.999,1.0,1.0,1.0,0.001
unit_variant,1.0,632,0.965,0.837,1.0,0.843,0.035
tagged,1.0,3083,0.999,1.0,1.0,1.0,0.001
paraphrase,0.95,3083,0.981,0.931,0.988,0.965,0.031
near_miss_small,0.75,632,0.781,0.097,0.101,0.112,0.031
superset,0.6,1213,0.368,0.045,0.103,0.65,0.232
typo,0.6,1104,0.283,0.101,0.101,0.459,0.317
partial,0.5,1213,0.284,0.06,0.119,0.481,0.216
near_miss_medium,0.45,632,0.637,0.008,0.008,0.021,0.187
shuffled,0.4,109,0.756,0.009,0.403,0.997,0.356
hedge,0.3,2974,0.191,0.192,0.405,0.504,0.109
list_dump,0.25,1845,0.149,0.013,0.136,0.394,0.101
digit_typo,0.2,632,0.44,0.0,0.241,0.013,0.24
near_miss_large,0.15,632,0.323,0.0,0.0,0.013,0.173
sign_flip,0.05,632,0.021,0.003,0.003,0.017,0.029
magnitude,0.05,632,0.195,0.013,0.128,0.027,0.145
flip,0.0,1238,0.0,0.0,0.0,0.0,0.0
no_answer,0.0,3083,0.0,0.0,0.0,0.001,0.0
wrong_random,0.0,1845,0.108,0.041,0.046,0.105,0.108
