dataset,family,mean_score,spread_across_models,floor,ceiling,share_constant_bootstrap_rankings,ranking_self_stability_tau,tau_to_others_mean,n_items,exclude_from_objective
abt_buy,EM,0.97,0.06000000000000005,False,False,0.0,0.7263038100757421,0.36909193581736327,100,False
alaska_camera,EM,0.958,0.18000000000000005,False,False,0.0,0.9194126083484261,-0.2189995513906181,100,False
alaska_schema,SM,0.896774193548387,0.21505376344086025,False,False,0.0,0.7074689437404552,0.0547583906831963,93,False
amazon_google,EM,0.9359999999999999,0.09999999999999998,False,False,0.0,0.6838263609052261,-0.01767752535400546,100,False
bird,TQA,0.126,0.15999999999999998,False,False,0.0,0.8444664670367472,0.36420124351017813,100,False
dblp_acm,EM,0.9860000000000001,0.08999999999999997,False,False,0.0,0.8835165665177467,0.35849543332355965,100,False
dblp_scholar,EM,0.9490000000000001,0.05999999999999994,False,False,0.0,0.7332138252600724,-0.02529159675318952,100,False
fetaqa,TQA,0.4682107740818181,0.26989776674886656,False,False,0.0,0.9365333333333333,0.281896395274893,100,False
fintagging,SM,0.7939999999999999,0.08999999999999997,False,False,0.0,0.7072332645831448,0.376402465511985,100,False
hitab,TQA,0.743,0.08000000000000007,False,False,0.0,0.6472589230075939,-0.09146910341069571,100,False
machamp,EM,0.8869999999999999,0.07000000000000006,False,False,0.0,0.6003375472439338,0.39562284057145203,100,False
magneto_gdc,SM,0.908,0.33999999999999997,False,False,0.0,0.7405214928206669,0.26548299548593973,100,False
mmtu,TQA,0.8790000000000001,0.12,False,False,0.0,0.7427318646031336,0.36156314695013486,100,False
officeqa,FIN,0.07699999999999999,0.14,False,False,0.0,0.8704181987991176,0.3250623685971094,100,False
officeqa_pro_v2,FIN,0.08222222222222222,0.14444444444444443,False,False,0.0,0.7953867761219644,0.3025672445916559,90,False
opensanctions_pairs,EM,0.8210000000000001,0.20999999999999996,False,False,0.0,0.8882089890900742,0.025013507262134763,100,False
papadakis_dn,EM,0.9409999999999998,0.029999999999999916,False,False,0.002,0.7391975462710593,0.07360977464998135,100,False
realhitbench,TQA,0.6300000000000001,0.17999999999999994,False,False,0.0,0.8029494396671107,0.3850053579515177,100,False
smat,SM,0.876,0.25,False,False,0.0,0.710720473277601,0.1959572853709804,100,False
suc,TQA,0.8859999999999999,0.30999999999999994,False,False,0.0,0.8785812679801557,0.3220834147328315,100,False
tab_fact,TQA,0.7979999999999999,0.19999999999999996,False,False,0.0,0.8447842537502831,-0.00170587138268546,100,False
tabis,TQA,0.915,0.20999999999999996,False,False,0.0,0.8492527217772863,0.23910202489130164,100,False
tablebench,TQA,0.8019999999999999,0.25,False,False,0.0,0.765783278350183,0.3157495087776256,100,False
tableeval,TQA,0.7205000000000001,0.21000000000000008,False,False,0.0,0.8025056215527527,0.19177510923121413,100,False
tat_qa,FIN,0.7509999999999999,0.09000000000000008,False,False,0.0,0.6283678536982986,0.19484250990674074,100,False
tpcdi_cells,SM,0.34299999999999997,0.019999999999999962,False,False,0.058,0.8210177916342161,0.3291862218348554,100,False
valentine,SM,0.9789999999999999,0.040000000000000036,False,True,0.0,0.7252589290245359,0.29598255629074227,100,True
walmart_amazon,EM,0.9579999999999999,0.05999999999999994,False,False,0.0,0.7552254131013314,0.3855496152092239,100,False
wdc_lspc,EM,0.982,0.040000000000000036,False,True,0.004,0.7960546591951503,0.26843191747949874,100,True
wdc_products,EM,0.9780000000000001,0.020000000000000018,False,True,0.006,0.6369904946459027,0.18848136368502436,100,True
wikitablequestions,TQA,0.799,0.16999999999999993,False,False,0.0,0.7510690495065022,0.39305597523679014,100,False
