,em_only,v1_rubric,top1,top2,top3,top4,top5,best_anchor,pareto_knee
em_only,0.9999999999999999,0.8222222222222221,0.9999999999999999,0.9999999999999999,0.8222222222222221,0.8222222222222221,0.8222222222222221,0.8222222222222221,0.8222222222222221
v1_rubric,0.8222222222222221,0.9999999999999999,0.8222222222222221,0.8222222222222221,0.9999999999999999,0.911111111111111,0.9999999999999999,0.9999999999999999,0.9999999999999999
top1,0.9999999999999999,0.8222222222222221,0.9999999999999999,0.9999999999999999,0.8222222222222221,0.8222222222222221,0.8222222222222221,0.8222222222222221,0.8222222222222221
top2,0.9999999999999999,0.8222222222222221,0.9999999999999999,0.9999999999999999,0.8222222222222221,0.8222222222222221,0.8222222222222221,0.8222222222222221,0.8222222222222221
top3,0.8222222222222221,0.9999999999999999,0.8222222222222221,0.8222222222222221,0.9999999999999999,0.911111111111111,0.9999999999999999,0.9999999999999999,0.9999999999999999
top4,0.8222222222222221,0.911111111111111,0.8222222222222221,0.8222222222222221,0.911111111111111,0.9999999999999999,0.911111111111111,0.911111111111111,0.911111111111111
top5,0.8222222222222221,0.9999999999999999,0.8222222222222221,0.8222222222222221,0.9999999999999999,0.911111111111111,0.9999999999999999,0.9999999999999999,0.9999999999999999
best_anchor,0.8222222222222221,0.9999999999999999,0.8222222222222221,0.8222222222222221,0.9999999999999999,0.911111111111111,0.9999999999999999,0.9999999999999999,0.9999999999999999
pareto_knee,0.8222222222222221,0.9999999999999999,0.8222222222222221,0.8222222222222221,0.9999999999999999,0.911111111111111,0.9999999999999999,0.9999999999999999,0.9999999999999999
