rank,label,w_mean_raw,w_baseline_norm_mean,w_z_mean,w_mean_win_rate,w_borda,w_kemeny_score,w_bradley_terry,w_irt_ability,stability,transitivity,reference,J,rank_claude-opus-5,rank_claude-sonnet-5,rank_gpt-5.4-mini,rank_gpt-5.5
1,only_bradley_terry,0.0,0.0,0.0,0.0,0.0,0.0,1.0,0.0,0.9000000000000001,1.0,0.6666666666666669,0.8666666666666668,3.0,2.0,4.0,1.0
2,random_072,0.0,0.0,0.0,0.05,0.2,0.0,0.6,0.15,0.8400000000000002,1.0,0.6666666666666669,0.8366666666666669,3.0,2.0,4.0,1.0
3,random_018,0.05,0.0,0.15,0.0,0.05,0.05,0.7,0.0,0.83,1.0,0.6666666666666669,0.8316666666666668,3.0,2.0,4.0,1.0
4,random_043,0.05,0.05,0.05,0.0,0.1,0.5,0.1,0.15,0.8166666666666665,0.6666666666666669,1.0,0.825,2.0,3.0,4.0,1.0
5,random_099,0.15,0.0,0.15,0.1,0.05,0.35,0.15,0.05,0.8133333333333335,0.6666666666666669,1.0,0.8233333333333335,2.0,3.0,4.0,1.0
6,random_079,0.1,0.05,0.1,0.0,0.0,0.35,0.35,0.05,0.8133333333333335,0.6666666666666669,1.0,0.8233333333333335,2.0,3.0,4.0,1.0
7,random_013,0.05,0.05,0.2,0.0,0.0,0.25,0.45,0.0,0.8133333333333335,0.6666666666666669,1.0,0.8233333333333335,2.0,3.0,4.0,1.0
8,random_070,0.0,0.0,0.2,0.05,0.2,0.4,0.0,0.15,0.8133333333333332,0.6666666666666669,1.0,0.8233333333333334,2.0,3.0,4.0,1.0
9,random_068,0.0,0.05,0.05,0.2,0.0,0.35,0.05,0.3,0.81,0.6666666666666669,1.0,0.8216666666666668,2.0,3.0,4.0,1.0
10,random_039,0.0,0.0,0.3,0.05,0.15,0.4,0.0,0.1,0.81,0.6666666666666669,1.0,0.8216666666666668,2.0,3.0,4.0,1.0
11,random_029,0.15,0.0,0.05,0.15,0.1,0.15,0.35,0.05,0.81,0.6666666666666669,1.0,0.8216666666666668,2.0,3.0,4.0,1.0
12,random_033,0.2,0.0,0.05,0.35,0.0,0.3,0.1,0.0,0.8066666666666668,0.6666666666666669,1.0,0.8200000000000001,2.0,3.0,4.0,1.0
13,random_085,0.0,0.1,0.35,0.0,0.15,0.3,0.0,0.1,0.8066666666666665,0.6666666666666669,1.0,0.82,2.0,3.0,4.0,1.0
14,random_009,0.0,0.0,0.0,0.3,0.2,0.2,0.1,0.2,0.8033333333333335,0.6666666666666669,1.0,0.8183333333333335,2.0,3.0,4.0,1.0
15,only_kemeny_score,0.0,0.0,0.0,0.0,0.0,1.0,0.0,0.0,0.8033333333333335,0.6666666666666669,1.0,0.8183333333333335,2.0,3.0,4.0,1.0
16,random_045,0.15,0.0,0.0,0.05,0.05,0.25,0.1,0.4,0.8033333333333332,0.6666666666666669,1.0,0.8183333333333334,2.0,3.0,4.0,1.0
17,random_015,0.0,0.15,0.1,0.05,0.3,0.3,0.0,0.1,0.8,0.6666666666666669,1.0,0.8166666666666668,2.0,3.0,4.0,1.0
18,random_088,0.05,0.05,0.0,0.45,0.0,0.2,0.25,0.0,0.8000000000000002,0.6666666666666669,1.0,0.8166666666666668,2.0,3.0,4.0,1.0
19,random_025,0.25,0.0,0.05,0.0,0.1,0.3,0.1,0.2,0.8,0.6666666666666669,1.0,0.8166666666666668,2.0,3.0,4.0,1.0
20,only_irt_ability,0.0,0.0,0.0,0.0,0.0,0.0,0.0,1.0,0.7966666666666667,1.0,0.6666666666666669,0.8150000000000002,3.0,2.0,4.0,1.0
21,random_035,0.1,0.1,0.3,0.0,0.05,0.25,0.15,0.05,0.7966666666666667,0.6666666666666669,1.0,0.8150000000000001,2.0,3.0,4.0,1.0
22,random_084,0.1,0.0,0.2,0.15,0.15,0.2,0.2,0.0,0.7966666666666667,0.6666666666666669,1.0,0.8150000000000001,2.0,3.0,4.0,1.0
23,random_097,0.0,0.25,0.15,0.15,0.05,0.35,0.0,0.05,0.7933333333333334,0.6666666666666669,1.0,0.8133333333333335,2.0,3.0,4.0,1.0
24,random_010,0.25,0.0,0.1,0.2,0.05,0.2,0.0,0.2,0.7900000000000001,0.6666666666666669,1.0,0.8116666666666668,2.0,3.0,4.0,1.0
25,random_089,0.0,0.1,0.05,0.25,0.2,0.2,0.1,0.1,0.7900000000000001,0.6666666666666669,1.0,0.8116666666666668,2.0,3.0,4.0,1.0
26,random_050,0.15,0.0,0.0,0.35,0.15,0.15,0.2,0.0,0.7866666666666668,0.6666666666666669,1.0,0.8100000000000002,2.0,3.0,4.0,1.0
27,random_008,0.15,0.05,0.2,0.2,0.0,0.05,0.3,0.05,0.7833333333333334,0.6666666666666669,1.0,0.8083333333333335,2.0,3.0,4.0,1.0
28,random_000,0.15,0.0,0.2,0.15,0.1,0.1,0.2,0.1,0.7800000000000001,0.6666666666666669,1.0,0.8066666666666668,2.0,3.0,4.0,1.0
29,random_017,0.3,0.05,0.05,0.1,0.0,0.2,0.3,0.0,0.78,0.6666666666666669,1.0,0.8066666666666668,2.0,3.0,4.0,1.0
30,random_069,0.0,0.05,0.1,0.2,0.35,0.2,0.1,0.0,0.7766666666666667,0.6666666666666669,1.0,0.805,2.0,3.0,4.0,1.0
31,random_091,0.2,0.05,0.05,0.0,0.05,0.2,0.0,0.45,0.7733333333333333,0.6666666666666669,1.0,0.8033333333333333,2.0,3.0,4.0,1.0
32,random_001,0.2,0.0,0.35,0.0,0.1,0.0,0.15,0.2,0.7700000000000001,0.6666666666666669,1.0,0.8016666666666667,2.0,3.0,4.0,1.0
33,random_081,0.25,0.05,0.1,0.0,0.15,0.05,0.35,0.05,0.7666666666666668,0.6666666666666669,1.0,0.8000000000000002,2.0,3.0,4.0,1.0
34,random_022,0.1,0.15,0.2,0.15,0.1,0.15,0.0,0.15,0.7633333333333334,0.6666666666666669,1.0,0.7983333333333335,2.0,3.0,4.0,1.0
35,random_030,0.4,0.0,0.05,0.0,0.3,0.1,0.1,0.05,0.7633333333333334,0.6666666666666669,1.0,0.7983333333333335,2.0,3.0,4.0,1.0
36,uniform,0.125,0.125,0.125,0.125,0.125,0.125,0.125,0.125,0.7633333333333333,0.6666666666666669,1.0,0.7983333333333333,2.0,3.0,4.0,1.0
37,random_049,0.1,0.1,0.25,0.2,0.0,0.1,0.15,0.1,0.7633333333333333,0.6666666666666669,1.0,0.7983333333333333,2.0,3.0,4.0,1.0
38,random_066,0.1,0.05,0.1,0.05,0.4,0.1,0.0,0.2,0.76,0.6666666666666669,1.0,0.7966666666666667,2.0,3.0,4.0,1.0
39,random_027,0.05,0.0,0.1,0.35,0.0,0.0,0.2,0.3,0.7566666666666667,1.0,0.6666666666666669,0.7950000000000002,3.0,2.0,4.0,1.0
40,random_048,0.0,0.0,0.25,0.05,0.1,0.0,0.0,0.6,0.7533333333333334,1.0,0.6666666666666669,0.7933333333333334,3.0,2.0,4.0,1.0
41,random_005,0.15,0.05,0.1,0.0,0.6,0.1,0.0,0.0,0.7500000000000003,0.6666666666666669,1.0,0.7916666666666669,2.0,3.0,4.0,1.0
42,random_024,0.15,0.3,0.0,0.05,0.05,0.35,0.05,0.05,0.7466666666666668,0.6666666666666669,1.0,0.7900000000000001,2.0,3.0,4.0,1.0
43,random_016,0.15,0.15,0.2,0.3,0.0,0.15,0.05,0.0,0.7466666666666667,0.6666666666666669,1.0,0.79,2.0,3.0,4.0,1.0
44,random_062,0.2,0.05,0.15,0.15,0.0,0.0,0.35,0.1,0.7466666666666667,1.0,0.6666666666666669,0.79,3.0,2.0,4.0,1.0
45,random_053,0.1,0.0,0.25,0.1,0.0,0.05,0.05,0.45,0.7433333333333336,1.0,0.6666666666666669,0.7883333333333336,3.0,2.0,4.0,1.0
46,only_z_mean,0.0,0.0,1.0,0.0,0.0,0.0,0.0,0.0,0.7433333333333336,0.6666666666666669,1.0,0.7883333333333336,2.0,3.0,4.0,1.0
47,random_058,0.0,0.2,0.2,0.05,0.05,0.05,0.45,0.0,0.7433333333333334,1.0,0.6666666666666669,0.7883333333333334,3.0,2.0,4.0,1.0
48,random_057,0.05,0.1,0.3,0.15,0.0,0.0,0.35,0.05,0.7433333333333334,1.0,0.6666666666666669,0.7883333333333334,3.0,2.0,4.0,1.0
49,random_060,0.0,0.05,0.25,0.2,0.05,0.0,0.3,0.15,0.7433333333333334,1.0,0.6666666666666669,0.7883333333333334,3.0,2.0,4.0,1.0
50,random_065,0.15,0.1,0.2,0.0,0.05,0.0,0.4,0.1,0.7433333333333334,1.0,0.6666666666666669,0.7883333333333334,3.0,2.0,4.0,1.0
51,random_093,0.05,0.15,0.45,0.1,0.05,0.1,0.1,0.0,0.74,0.6666666666666669,1.0,0.7866666666666667,2.0,3.0,4.0,1.0
52,random_052,0.2,0.15,0.25,0.2,0.0,0.15,0.0,0.05,0.74,0.6666666666666669,1.0,0.7866666666666667,2.0,3.0,4.0,1.0
53,random_094,0.25,0.1,0.05,0.25,0.05,0.05,0.15,0.1,0.74,0.6666666666666669,1.0,0.7866666666666667,2.0,3.0,4.0,1.0
54,random_086,0.0,0.0,0.15,0.1,0.4,0.0,0.15,0.2,0.7366666666666667,1.0,0.6666666666666669,0.7850000000000001,3.0,2.0,4.0,1.0
55,random_012,0.5,0.0,0.0,0.2,0.05,0.1,0.05,0.1,0.7366666666666667,0.6666666666666669,1.0,0.785,2.0,3.0,4.0,1.0
56,random_076,0.05,0.2,0.3,0.0,0.25,0.1,0.05,0.05,0.7366666666666666,0.6666666666666669,1.0,0.785,2.0,3.0,4.0,1.0
57,random_007,0.3,0.1,0.1,0.25,0.05,0.1,0.1,0.0,0.7333333333333334,0.6666666666666669,1.0,0.7833333333333334,2.0,3.0,4.0,1.0
58,random_006,0.15,0.25,0.1,0.1,0.0,0.25,0.0,0.15,0.7333333333333334,0.6666666666666669,1.0,0.7833333333333334,2.0,3.0,4.0,1.0
59,random_090,0.35,0.05,0.25,0.0,0.2,0.1,0.0,0.05,0.73,0.6666666666666669,1.0,0.7816666666666667,2.0,3.0,4.0,1.0
60,random_019,0.0,0.1,0.1,0.35,0.05,0.0,0.3,0.1,0.7300000000000001,1.0,0.6666666666666669,0.7816666666666667,3.0,2.0,4.0,1.0
61,random_082,0.0,0.3,0.05,0.05,0.35,0.2,0.05,0.0,0.7266666666666667,0.6666666666666669,1.0,0.78,2.0,3.0,4.0,1.0
62,random_004,0.2,0.15,0.2,0.2,0.0,0.05,0.2,0.0,0.7266666666666667,0.6666666666666669,1.0,0.78,2.0,3.0,4.0,1.0
63,random_092,0.05,0.1,0.55,0.25,0.05,0.0,0.0,0.0,0.7200000000000003,0.6666666666666669,1.0,0.7766666666666668,2.0,3.0,4.0,1.0
64,random_054,0.1,0.15,0.35,0.0,0.25,0.0,0.1,0.05,0.7166666666666667,0.6666666666666669,1.0,0.775,2.0,3.0,4.0,1.0
65,random_051,0.55,0.0,0.2,0.05,0.05,0.1,0.0,0.05,0.7133333333333334,0.6666666666666669,1.0,0.7733333333333334,2.0,3.0,4.0,1.0
66,random_087,0.1,0.2,0.4,0.0,0.05,0.0,0.15,0.1,0.7133333333333334,0.6666666666666669,1.0,0.7733333333333334,2.0,3.0,4.0,1.0
67,random_014,0.25,0.25,0.1,0.0,0.0,0.3,0.05,0.05,0.7133333333333333,0.6666666666666669,1.0,0.7733333333333333,2.0,3.0,4.0,1.0
68,random_044,0.2,0.2,0.05,0.0,0.0,0.05,0.35,0.15,0.7100000000000002,0.6666666666666669,1.0,0.7716666666666668,2.0,3.0,4.0,1.0
69,random_064,0.55,0.0,0.1,0.0,0.3,0.0,0.05,0.0,0.7100000000000002,0.6666666666666669,1.0,0.7716666666666668,2.0,3.0,4.0,1.0
70,random_023,0.05,0.05,0.1,0.3,0.15,0.05,0.1,0.2,0.7100000000000002,1.0,0.6666666666666669,0.7716666666666668,3.0,2.0,4.0,1.0
71,random_074,0.1,0.0,0.1,0.0,0.5,0.0,0.1,0.2,0.7066666666666667,1.0,0.6666666666666669,0.77,3.0,2.0,4.0,1.0
72,random_098,0.1,0.2,0.15,0.15,0.3,0.05,0.05,0.0,0.7066666666666667,0.6666666666666669,1.0,0.77,2.0,3.0,4.0,1.0
73,random_031,0.0,0.05,0.15,0.2,0.45,0.0,0.15,0.0,0.7000000000000002,1.0,0.6666666666666669,0.7666666666666668,3.0,2.0,4.0,1.0
74,random_020,0.5,0.1,0.0,0.0,0.1,0.05,0.2,0.05,0.7,0.6666666666666669,1.0,0.7666666666666667,2.0,3.0,4.0,1.0
75,random_002,0.0,0.3,0.1,0.05,0.05,0.1,0.05,0.35,0.6900000000000002,0.6666666666666669,1.0,0.7616666666666668,2.0,3.0,4.0,1.0
76,random_075,0.15,0.25,0.1,0.2,0.0,0.1,0.2,0.0,0.69,0.6666666666666669,1.0,0.7616666666666667,2.0,3.0,4.0,1.0
77,random_073,0.1,0.1,0.25,0.3,0.0,0.0,0.15,0.1,0.6866666666666668,1.0,0.6666666666666669,0.7600000000000001,3.0,2.0,4.0,1.0
78,random_034,0.35,0.15,0.05,0.15,0.05,0.0,0.15,0.1,0.6866666666666668,0.6666666666666669,1.0,0.7600000000000001,2.0,3.0,4.0,1.0
79,random_063,0.15,0.3,0.0,0.3,0.0,0.1,0.15,0.0,0.6833333333333335,0.6666666666666669,1.0,0.7583333333333334,2.0,3.0,4.0,1.0
80,only_mean_win_rate,0.0,0.0,0.0,1.0,0.0,0.0,0.0,0.0,0.6807370429126233,1.0,0.6666666666666669,0.7570351881229784,3.0,2.0,4.0,1.0
81,random_037,0.1,0.2,0.45,0.15,0.0,0.0,0.0,0.1,0.6800000000000002,0.6666666666666669,1.0,0.7566666666666668,2.0,3.0,4.0,1.0
82,random_042,0.1,0.3,0.0,0.05,0.05,0.1,0.1,0.3,0.6800000000000002,0.6666666666666669,1.0,0.7566666666666668,2.0,3.0,4.0,1.0
83,only_borda,0.0,0.0,0.0,0.0,1.0,0.0,0.0,0.0,0.6795620932050649,1.0,0.6666666666666669,0.7564477132691991,3.0,2.0,4.0,1.0
84,random_067,0.35,0.05,0.05,0.3,0.0,0.0,0.15,0.1,0.6733333333333335,1.0,0.6666666666666669,0.7533333333333334,3.0,2.0,4.0,1.0
85,random_096,0.0,0.2,0.15,0.25,0.1,0.0,0.2,0.1,0.6733333333333333,1.0,0.6666666666666669,0.7533333333333334,3.0,2.0,4.0,1.0
86,random_080,0.3,0.05,0.05,0.2,0.15,0.0,0.1,0.15,0.6733333333333333,1.0,0.6666666666666669,0.7533333333333334,3.0,2.0,4.0,1.0
87,random_059,0.25,0.25,0.1,0.0,0.2,0.05,0.15,0.0,0.6666666666666669,0.6666666666666669,1.0,0.7500000000000001,2.0,3.0,4.0,1.0
88,random_047,0.0,0.15,0.25,0.1,0.3,0.0,0.05,0.15,0.6633333333333334,1.0,0.6666666666666669,0.7483333333333335,3.0,2.0,4.0,1.0
89,random_003,0.5,0.15,0.15,0.05,0.05,0.05,0.05,0.0,0.6633333333333334,0.6666666666666669,1.0,0.7483333333333334,2.0,3.0,4.0,1.0
90,random_032,0.25,0.25,0.1,0.25,0.0,0.05,0.1,0.0,0.6633333333333334,0.6666666666666669,1.0,0.7483333333333334,2.0,3.0,4.0,1.0
91,random_061,0.25,0.2,0.25,0.25,0.0,0.0,0.05,0.0,0.6633333333333334,0.6666666666666669,1.0,0.7483333333333334,2.0,3.0,4.0,1.0
92,random_046,0.5,0.15,0.05,0.0,0.15,0.05,0.1,0.0,0.6566666666666668,0.6666666666666669,1.0,0.7450000000000001,2.0,3.0,4.0,1.0
93,random_028,0.0,0.15,0.0,0.3,0.35,0.0,0.0,0.2,0.6533333333333334,1.0,0.6666666666666669,0.7433333333333334,3.0,2.0,4.0,1.0
94,random_055,0.2,0.2,0.05,0.0,0.05,0.0,0.05,0.45,0.6400000000000001,1.0,0.6666666666666669,0.7366666666666668,3.0,2.0,4.0,1.0
95,random_026,0.0,0.4,0.2,0.15,0.0,0.1,0.0,0.15,0.6266666666666667,0.6666666666666669,1.0,0.7300000000000001,2.0,3.0,4.0,1.0
96,random_011,0.05,0.25,0.2,0.05,0.15,0.0,0.1,0.2,0.6233333333333334,1.0,0.6666666666666669,0.7283333333333335,3.0,2.0,4.0,1.0
97,random_095,0.25,0.2,0.0,0.15,0.05,0.0,0.1,0.25,0.6133333333333335,1.0,0.6666666666666669,0.7233333333333335,3.0,2.0,4.0,1.0
98,random_083,0.1,0.4,0.1,0.0,0.05,0.0,0.2,0.15,0.5766666666666667,0.6666666666666669,1.0,0.7050000000000001,2.0,3.0,4.0,1.0
99,random_078,0.15,0.4,0.0,0.2,0.0,0.0,0.25,0.0,0.5633333333333334,0.6666666666666669,1.0,0.6983333333333334,2.0,3.0,4.0,1.0
100,random_041,0.0,0.35,0.0,0.1,0.55,0.0,0.0,0.0,0.5333333333333335,1.0,0.6666666666666669,0.6833333333333336,3.0,2.0,4.0,1.0
101,random_021,0.0,0.5,0.0,0.05,0.05,0.4,0.0,0.0,0.6066666666666667,0.3333333333333334,0.6666666666666669,0.5533333333333335,2.0,4.0,3.0,1.0
102,only_mean_raw,1.0,0.0,0.0,0.0,0.0,0.0,0.0,0.0,0.5933333333333334,0.3333333333333334,0.6666666666666669,0.5466666666666667,2.0,4.0,3.0,1.0
103,random_071,0.5,0.25,0.1,0.0,0.0,0.05,0.05,0.05,0.5833333333333335,0.3333333333333334,0.6666666666666669,0.5416666666666669,2.0,4.0,3.0,1.0
104,random_077,0.05,0.5,0.25,0.05,0.0,0.1,0.0,0.05,0.5800000000000001,0.3333333333333334,0.6666666666666669,0.5400000000000001,2.0,4.0,3.0,1.0
105,random_036,0.25,0.35,0.0,0.0,0.1,0.1,0.05,0.15,0.5700000000000001,0.3333333333333334,0.6666666666666669,0.5350000000000001,2.0,4.0,3.0,1.0
106,only_baseline_norm_mean,0.0,1.0,0.0,0.0,0.0,0.0,0.0,0.0,0.7500000000000001,0.0,0.3333333333333334,0.4583333333333334,3.0,4.0,2.0,1.0
107,random_056,0.05,0.65,0.05,0.2,0.0,0.0,0.0,0.05,0.6633333333333336,0.0,0.3333333333333334,0.41500000000000015,3.0,4.0,2.0,1.0
108,random_038,0.2,0.45,0.1,0.05,0.1,0.0,0.1,0.0,0.5766666666666667,0.0,0.3333333333333334,0.3716666666666667,3.0,4.0,2.0,1.0
109,random_040,0.05,0.5,0.0,0.0,0.15,0.05,0.25,0.0,0.52,0.0,0.3333333333333334,0.3433333333333334,3.0,4.0,2.0,1.0
