rank,label,w_em,w_num_tol,w_num_decay,w_tok_prec,w_tok_rec,w_tok_f1,w_edit_sim,w_rouge_l,w_jaccard,J,tau_native,rho,rho_ds,auc,wrong_mean,hedge_gap,pareto
1,num_tol_only,0.0,1.0,0.0,0.0,0.0,0.0,0.0,0.0,0.0,0.4419331908778631,0.9744748525363174,0.7955438971172231,0.8082852965592873,0.988861932092847,0.021668909825033646,-0.5945093175343189,True
2,em_only,1.0,0.0,0.0,0.0,0.0,0.0,0.0,0.0,0.0,0.4389420363725147,0.9221773343475702,0.8280950674676447,0.8301721896776463,0.9887643100949755,0.011440107671601614,-0.8070177237212726,True
3,,0.65,0.15,0.1,0.0,0.0,0.0,0.1,0.0,0.0,0.4336296627225999,0.9073577906178704,0.8640841512496293,0.8481560444398908,0.9941742128366593,0.03379127611236763,-0.7327636141799889,True
4,,0.2,0.3,0.0,0.1,0.25,0.0,0.05,0.05,0.05,0.4333811322072423,0.9330603044930772,0.8626712261673254,0.8383345446480255,0.9941601286806946,0.031790695755656045,-0.5428650738115238,False
5,,0.4,0.1,0.15,0.1,0.0,0.0,0.1,0.15,0.0,0.432317946255409,0.9159006407694136,0.883615194804835,0.8649353378940644,0.9941811527568373,0.039462010251922336,-0.6642033402338774,True
6,,0.0,0.35,0.0,0.25,0.2,0.05,0.05,0.05,0.05,0.4305137486946975,0.9272440427908932,0.8649943093973615,0.8421984384619128,0.9940395960925593,0.0352304872489984,-0.5118963394829368,False
7,,0.15,0.4,0.2,0.1,0.0,0.1,0.05,0.0,0.0,0.4284147609041031,0.9322651653489212,0.8824834728134107,0.862477357089946,0.9941759358982933,0.03404621951027437,-0.615909122405822,False
8,,0.3,0.35,0.1,0.15,0.0,0.05,0.0,0.0,0.05,0.4283973374507251,0.9298837474463696,0.8807529348365178,0.8702032792172727,0.9941810437885127,0.022406184848363434,-0.6513668894699938,False
9,,0.1,0.1,0.05,0.0,0.3,0.0,0.05,0.3,0.1,0.4282021220511986,0.9065085438472704,0.8740247101035796,0.8561300223718884,0.9938783025404739,0.035487258007044956,-0.4794226802336705,False
10,,0.0,0.45,0.0,0.1,0.25,0.0,0.0,0.05,0.15,0.4276884197364093,0.9317948587433874,0.8598179316585941,0.8469315210994164,0.9941632683305495,0.025664912711643936,-0.4985186721916136,False
11,,0.0,0.4,0.0,0.05,0.15,0.1,0.1,0.2,0.0,0.4276463651821527,0.933095650635656,0.865813492798492,0.8432345737591183,0.9941768553185328,0.042937301667106756,-0.512254059993645,False
12,,0.4,0.2,0.1,0.0,0.0,0.05,0.0,0.2,0.05,0.4275483506892375,0.9304131327064112,0.8782318928681516,0.8709551566203984,0.9941841153331645,0.02166716154441805,-0.6541208583753568,False
13,,0.2,0.25,0.1,0.05,0.15,0.1,0.0,0.15,0.0,0.4275153879520251,0.934724777887314,0.87563495903573,0.8669380000824165,0.9941844899117807,0.025346185419191626,-0.5595315121730497,False
14,,0.1,0.4,0.1,0.0,0.0,0.15,0.1,0.0,0.15,0.4269810691478307,0.9379987060096668,0.8816586971128232,0.8635692555471767,0.9941758541720498,0.041151966120238415,-0.5985037686699072,False
15,,0.1,0.3,0.1,0.2,0.05,0.05,0.0,0.1,0.1,0.4265194355068526,0.9319835115455878,0.8772045581294287,0.8692848652588149,0.9941850756165258,0.026351774720351457,-0.5802709234206158,False
16,,0.1,0.45,0.1,0.05,0.05,0.0,0.0,0.2,0.05,0.4265194355068525,0.9437041207696564,0.8770717096838129,0.8696015142510124,0.9941810914621547,0.025213515932953578,-0.5773666662086949,False
17,,0.05,0.3,0.1,0.1,0.1,0.05,0.05,0.15,0.1,0.4257948171832545,0.930377880621284,0.8783489023854936,0.8611805300600356,0.9941786328643292,0.035259906914669716,-0.548005682764064,False
18,,0.1,0.4,0.1,0.15,0.1,0.05,0.1,0.0,0.0,0.4255473773915583,0.9350462513011862,0.8800919584731589,0.860992317941661,0.9941758541720498,0.04212219734653502,-0.5748074533039746,False
19,,0.05,0.3,0.05,0.0,0.1,0.1,0.05,0.05,0.3,0.4253738401882991,0.9288393074782978,0.8774965521927904,0.8587916564660476,0.9941758950351716,0.033599705093457506,-0.5500716381225277,False
20,,0.25,0.15,0.35,0.0,0.0,0.15,0.0,0.05,0.05,0.424888029012241,0.9261204340180368,0.8767154156670351,0.8684338144751654,0.9941783127698753,0.027349770617450694,-0.6271393974780821,False
21,,0.2,0.25,0.0,0.1,0.1,0.0,0.05,0.1,0.2,0.4247789816696079,0.9286064110436096,0.865096294371235,0.8427566614268155,0.9940310148369909,0.03135469560735558,-0.5879007485216927,False
22,,0.1,0.1,0.0,0.1,0.4,0.05,0.05,0.05,0.15,0.42476278124854,0.9120898551246256,0.8621231388778391,0.8362697941973691,0.9938417777201456,0.03485395205261921,-0.46231993940652016,False
23,,0.35,0.05,0.05,0.0,0.15,0.0,0.0,0.4,0.0,0.4246480044394801,0.919842219079531,0.8738542713189889,0.8672013765801906,0.9938616167657575,0.02368712115115916,-0.5770809467884451,False
24,,0.15,0.05,0.05,0.05,0.5,0.0,0.0,0.05,0.15,0.4246150417022677,0.9090095548423464,0.8702772183012918,0.8594621829707454,0.9938402317320393,0.026759649894709105,-0.44307964000010114,False
25,,0.05,0.1,0.05,0.0,0.45,0.15,0.0,0.1,0.1,0.4245820789650553,0.907810644829101,0.8706106829906618,0.8603536329027901,0.9938602001775366,0.028430166168679882,-0.4210182574933038,False
26,,0.15,0.35,0.1,0.05,0.1,0.05,0.05,0.15,0.0,0.42437732584805,0.9363918933102112,0.8782753196857698,0.86108396294926,0.9941759767614151,0.033467002191365405,-0.5714065083036435,False
27,,0.05,0.45,0.1,0.05,0.1,0.05,0.0,0.0,0.2,0.4240279533021168,0.9457868028601616,0.8759183589575251,0.8666280972175756,0.9941811118937156,0.025354678102228658,-0.5612269539304766,False
28,,0.05,0.25,0.1,0.05,0.05,0.15,0.05,0.15,0.15,0.4238688290016615,0.9229906781848468,0.878363781568712,0.8614901945617315,0.9941630912570218,0.035360476113324726,-0.5552139457055514,False
29,,0.05,0.3,0.1,0.05,0.05,0.2,0.0,0.05,0.2,0.4235861265198828,0.9317354234241588,0.8768861035932051,0.8683020384273439,0.9941831346182424,0.02662129451548202,-0.5591578291567205,False
30,,0.0,0.15,0.0,0.0,0.5,0.2,0.1,0.0,0.05,0.4235210513833466,0.9070554528979916,0.8603123014598324,0.8341910509829591,0.9938728881768414,0.044846335982822255,-0.3987687788477988,False
31,,0.25,0.1,0.3,0.05,0.05,0.05,0.0,0.05,0.15,0.4234381368349008,0.9305377549605814,0.8809897045155387,0.8709436451650672,0.9941810914621547,0.026790421816637187,-0.6172569284309196,False
32,,0.1,0.25,0.0,0.2,0.15,0.1,0.15,0.0,0.05,0.4233290894922675,0.9242025607319452,0.8665092570033675,0.8434837550229292,0.9939668665463566,0.05025524047506991,-0.5511722866025234,False
33,,0.15,0.1,0.0,0.2,0.2,0.05,0.05,0.2,0.05,0.4233290894922675,0.9090863404655856,0.865534123362943,0.8428636464766834,0.9938432964661709,0.03449397986114515,-0.5294409705629322,False
34,,0.3,0.05,0.05,0.1,0.05,0.15,0.0,0.15,0.15,0.4231813499459953,0.9198763388577657,0.8767896133562241,0.8690467836105219,0.9938588653155593,0.023885667932725698,-0.607911950089775,False
35,,0.1,0.0,0.15,0.05,0.15,0.1,0.0,0.45,0.0,0.4231813499459953,0.9048108152217608,0.8753037261582196,0.8685870432847361,0.9938642864897121,0.029812475969603437,-0.5088830501573725,False
36,,0.25,0.1,0.1,0.05,0.1,0.3,0.0,0.05,0.05,0.4231154244715704,0.9243302323072332,0.8749336349166904,0.8668753877296649,0.9939268615501589,0.025413895529482415,-0.5769932110380416,False
37,,0.35,0.15,0.05,0.1,0.15,0.1,0.05,0.0,0.05,0.4229436340917776,0.9274487602686972,0.8761077924901122,0.85758795147439,0.9939672751775741,0.030726816033556294,-0.6049099172259969,False
38,,0.5,0.0,0.05,0.15,0.05,0.1,0.05,0.1,0.0,0.4225226570968222,0.9172139151871714,0.879491643254322,0.8605576262522916,0.9938295528362208,0.029479187858048914,-0.6625841817944876,False
39,,0.05,0.3,0.2,0.2,0.0,0.15,0.05,0.0,0.05,0.4225148776344903,0.92190871263699,0.8822931806505182,0.8625292408395954,0.9941760040034963,0.03658325506935965,-0.5881305127171594,False
40,,0.2,0.1,0.05,0.1,0.15,0.1,0.05,0.25,0.0,0.4225064566757543,0.9140655338238216,0.8767126119226639,0.859908681534137,0.993889553519997,0.03421967409732256,-0.5494270405023565,False
41,,0.05,0.45,0.05,0.2,0.0,0.0,0.0,0.05,0.2,0.4221853975008228,0.9320667944821028,0.87689639238727,0.8692116385962254,0.9941810574095532,0.024967219576846885,-0.5952008027348525,False
42,,0.35,0.0,0.0,0.05,0.05,0.0,0.0,0.35,0.2,0.4219536527113198,0.912520922124172,0.8576996931826625,0.8493793566619551,0.9890733170216832,0.022551372866726555,-0.6131207509512876,False
43,,0.1,0.1,0.0,0.2,0.35,0.1,0.0,0.15,0.0,0.4219206899741072,0.9092746122074143,0.8599322995042824,0.8485946434260669,0.9938070236350934,0.027697115430244397,-0.46703314982703426,False
44,,0.3,0.2,0.0,0.05,0.05,0.25,0.1,0.05,0.0,0.4219115981570631,0.9242612412304176,0.8664317305755742,0.8435217772434503,0.9939635838755756,0.03901059559001985,-0.6110723661346287,False
45,,0.1,0.25,0.0,0.05,0.35,0.05,0.1,0.0,0.1,0.4218953977359951,0.9225861726997552,0.8612345815552874,0.8355186788233547,0.9939568346499659,0.04184967077150404,-0.486076536964424,False
46,,0.1,0.25,0.0,0.0,0.1,0.15,0.15,0.25,0.0,0.4218953977359951,0.9212344674974732,0.8659537840396292,0.8443274948011469,0.9939665192098216,0.05033225586944378,-0.5416688836688326,False
47,,0.05,0.15,0.0,0.2,0.0,0.15,0.05,0.4,0.0,0.4218953977359951,0.9106800090790076,0.8662849080665681,0.8430331317907204,0.9938640208794207,0.03615989369790911,-0.5498250862230689,False
48,,0.0,0.1,0.0,0.15,0.25,0.15,0.05,0.0,0.3,0.4218953977359951,0.9090863404655856,0.864948153980836,0.8408513482552953,0.9938400069848696,0.035919413138969215,-0.48573278911215045,False
49,,0.2,0.05,0.2,0.0,0.05,0.1,0.0,0.25,0.15,0.4217806209269353,0.914098401849472,0.8768765617871694,0.8694292699328267,0.9939667984411537,0.027125005901786448,-0.5824982693735022,False
50,,0.15,0.1,0.05,0.25,0.1,0.15,0.0,0.2,0.0,0.4217476581897229,0.9109292882847012,0.876264033042236,0.8676109355155087,0.9938709199364769,0.02722959710746471,-0.5551722543559001,False
51,,0.05,0.1,0.1,0.0,0.35,0.25,0.0,0.1,0.05,0.4217146954525103,0.9093126454651648,0.8716414463635256,0.8615710293345445,0.993898216501809,0.029171478995076012,-0.447178638448807,False
52,,0.3,0.05,0.4,0.0,0.0,0.05,0.0,0.1,0.1,0.4215499434513837,0.9201477776163608,0.874793978432629,0.8674333160421761,0.9941773320549533,0.027468725528443264,-0.6417778228537754,False
53,,0.15,0.3,0.05,0.15,0.0,0.05,0.1,0.1,0.1,0.4214937419144373,0.9275652907760018,0.8772813313828719,0.8566637659132799,0.9941797225475759,0.040970733582922324,-0.6089238519985523,False
54,,0.15,0.2,0.3,0.05,0.05,0.15,0.05,0.0,0.05,0.4212463021227411,0.9231901813585576,0.8823991036828939,0.8632643940061865,0.994176112971821,0.036417406703513414,-0.5929464010931824,False
55,,0.5,0.0,0.1,0.05,0.05,0.1,0.05,0.15,0.0,0.4210889653405498,0.9216162620729924,0.8784361872696885,0.8614213061240907,0.9939015808988334,0.02987714389644865,-0.6584189399292111,False
56,,0.25,0.15,0.05,0.0,0.0,0.05,0.05,0.15,0.3,0.4210727649194819,0.9184660924502216,0.878836071861367,0.8613117165266431,0.9939601990469903,0.031096505974497556,-0.6227491071494511,False
57,,0.25,0.0,0.2,0.2,0.15,0.0,0.05,0.15,0.0,0.4210727649194819,0.9112364750051674,0.876543175942342,0.8597457947549004,0.9939249682255176,0.03568153224543623,-0.5789213169108742,False
58,,0.05,0.05,0.05,0.35,0.3,0.05,0.05,0.05,0.05,0.421056564498414,0.8974782103376906,0.8775049748935412,0.8589671306493393,0.9938302747513718,0.03744086426415417,-0.4867144085034031,False
59,,0.1,0.3,0.1,0.05,0.05,0.15,0.1,0.0,0.15,0.4210486019746662,0.929001961083586,0.8799652012478335,0.8614298530504044,0.9941818065667853,0.042056918650570214,-0.5806000930254663,False
60,,0.35,0.1,0.0,0.3,0.1,0.0,0.0,0.0,0.15,0.420755993110508,0.919412116935934,0.8623765198107127,0.8516411061688534,0.9938415938360977,0.022223611397163716,-0.6289369789034355,False
61,,0.2,0.2,0.1,0.25,0.0,0.15,0.0,0.05,0.05,0.4207187430073379,0.9216884493230898,0.8775672343636335,0.8682883080772544,0.9940408969019352,0.025641331420756346,-0.6146780729165173,False
62,,0.05,0.05,0.0,0.1,0.5,0.05,0.1,0.05,0.1,0.4206536678708018,0.902602785812868,0.8625099685598129,0.8359313127970199,0.9936612308271935,0.04456201244640715,-0.4175748478564728,False
63,,0.25,0.05,0.1,0.0,0.2,0.25,0.0,0.0,0.15,0.4206215588614683,0.9160532145821912,0.8735400066732101,0.8637657733191692,0.9938963231771677,0.02527292512630186,-0.5503062071300734,False
64,,0.3,0.1,0.0,0.2,0.05,0.05,0.15,0.1,0.05,0.4204779064007907,0.912467849658598,0.8683694827301935,0.8447505966434069,0.9938388764385011,0.047752041356110046,-0.6238497556294484,False
65,,0.05,0.25,0.0,0.2,0.1,0.0,0.15,0.1,0.15,0.4204617059797227,0.9213027763772644,0.8669469963442721,0.8442497159610219,0.9939604442257208,0.05062110774235401,-0.5563053605521338,False
66,,0.05,0.1,0.0,0.25,0.35,0.1,0.05,0.1,0.0,0.4204617059797227,0.904633673380462,0.8640920936602239,0.8400209904145746,0.9938264131863659,0.03672820714175844,-0.46100206854547865,False
67,,0.05,0.05,0.1,0.0,0.15,0.15,0.0,0.25,0.25,0.4202810036962379,0.9048449349999954,0.8754700710362737,0.8675536057099671,0.9938736305235533,0.02843886185305281,-0.5088642094531548,False
68,,0.2,0.25,0.15,0.05,0.1,0.2,0.05,0.0,0.0,0.4200762505792328,0.9334759417853312,0.8783684413509755,0.8601735632778336,0.9941769710973778,0.033883441372882725,-0.5820247233098854,False
69,,0.1,0.2,0.15,0.15,0.25,0.0,0.05,0.0,0.1,0.4200600501581649,0.9245094743879236,0.8764430860092263,0.8574192983622709,0.9941757383932048,0.03574637613329816,-0.525255253873324,False
70,,0.1,0.1,0.05,0.15,0.35,0.05,0.1,0.05,0.05,0.4200438497370969,0.9064258560567008,0.8728426402088655,0.8512202873248833,0.9938870608695699,0.04396832746172974,-0.48133397373259423,False
71,,0.15,0.2,0.05,0.05,0.0,0.15,0.1,0.1,0.2,0.4195191524696405,0.922954105677924,0.8771012320954841,0.8568473681583038,0.9939931074810433,0.041191427062663356,-0.5980713989612654,False
72,,0.0,0.05,0.05,0.1,0.25,0.0,0.0,0.1,0.45,0.4193373519231511,0.9074093320631078,0.8749954544836236,0.86572097224933,0.9938415121098543,0.027905006072637357,-0.48827065641412326,False
73,,0.35,0.05,0.0,0.15,0.15,0.0,0.1,0.1,0.1,0.4190442146445183,0.9197537804780316,0.8672136142803158,0.8437458454965415,0.9937129362972537,0.03889687128937087,-0.6037180541878104,False
74,,0.05,0.3,0.0,0.1,0.2,0.05,0.15,0.15,0.0,0.4190280142234504,0.9241863603108772,0.8655220277163855,0.8428891004419243,0.9940321249517985,0.050955290704492735,-0.514839329870656,False
75,,0.25,0.05,0.0,0.2,0.0,0.05,0.1,0.3,0.05,0.4190280142234504,0.9108743990571642,0.8676420353092162,0.8442235818093374,0.9936898622545028,0.04104049886864078,-0.6111004995373714,False
76,,0.1,0.05,0.0,0.0,0.2,0.1,0.05,0.15,0.35,0.4190280142234504,0.9076736912231028,0.8650246179105615,0.8411210655663277,0.9937868713055481,0.03404526249267492,-0.5149334596763254,False
77,,0.2,0.0,0.2,0.1,0.45,0.0,0.0,0.05,0.0,0.4188473119399655,0.9066825116096586,0.8701605701820003,0.8586938024390022,0.9939174357900742,0.02856173338577052,-0.4735485803586701,False
78,,0.2,0.1,0.1,0.05,0.15,0.15,0.0,0.05,0.2,0.4188143492027531,0.9213235458265668,0.8742390595376315,0.8659416152767844,0.9939269432764024,0.025533768062723894,-0.560863105830633,False
79,,0.1,0.25,0.1,0.05,0.05,0.25,0.05,0.05,0.1,0.4186263584018925,0.925907224855672,0.878588792868144,0.8609576721587013,0.9941767259186473,0.034708636670334636,-0.5667259645147185,False
80,,0.05,0.3,0.05,0.15,0.05,0.05,0.15,0.2,0.0,0.4186263584018925,0.9186919863213956,0.875444883360963,0.8536200116661246,0.9941702014402071,0.05144600635963943,-0.5621820298360473,False
81,,0.25,0.1,0.15,0.1,0.0,0.15,0.15,0.0,0.1,0.4183627181891284,0.9187108026276812,0.8831253972895027,0.8642562570695091,0.9941542375806417,0.04978801789000212,-0.6305989862443635,False
82,,0.2,0.25,0.2,0.15,0.05,0.15,0.0,0.0,0.0,0.4183614951568183,0.9312538971335832,0.8809566789868463,0.8696185434936253,0.9941810574095532,0.02639333893939123,-0.6036669454247903,False
83,,0.2,0.2,0.05,0.05,0.05,0.15,0.05,0.15,0.1,0.4182053814069371,0.9229187595353452,0.8778942757379123,0.860473427367228,0.9939755908228511,0.03276319957481125,-0.5879816086688194,False
84,,0.4,0.0,0.1,0.1,0.1,0.05,0.05,0.2,0.0,0.4182053814069371,0.917016795418827,0.8779844455961857,0.8611075197527304,0.9938747065857595,0.03179965423311526,-0.6192668254337743,False
85,,0.25,0.05,0.1,0.2,0.05,0.2,0.1,0.05,0.0,0.4182053814069371,0.9126677833560736,0.8799600403034624,0.8606455046485167,0.9939041961386257,0.042322429638064006,-0.6042474086078184,False
86,,0.2,0.05,0.05,0.1,0.05,0.05,0.1,0.1,0.3,0.4181891809858692,0.9125086949388468,0.8775328800706557,0.856943838396882,0.9938782208142304,0.04103255021634261,-0.5988143502234586,False
87,,0.15,0.05,0.15,0.0,0.25,0.1,0.05,0.2,0.05,0.4181891809858692,0.9081552094081335,0.8739429664212558,0.8564435965580456,0.993913798972238,0.03622222635934078,-0.5084711938368367,False
88,,0.0,0.2,0.05,0.1,0.45,0.1,0.05,0.05,0.0,0.4181891809858692,0.907953367410705,0.8721075797626978,0.8513147869404277,0.9939157740231228,0.03719986698698736,-0.4213048047656238,False
89,,0.05,0.1,0.05,0.0,0.05,0.0,0.05,0.55,0.15,0.4181891809858692,0.9048852289235736,0.8776848653510781,0.8613779047446551,0.9938746384805566,0.03607424251693266,-0.5310903140282794,False
90,,0.3,0.05,0.05,0.1,0.05,0.15,0.15,0.05,0.1,0.4180528768098166,0.911042040445362,0.8767274778909709,0.8541280879520436,0.9938371942399888,0.04831168636586102,-0.6187883081935491,False
91,,0.05,0.1,0.15,0.05,0.05,0.25,0.05,0.25,0.05,0.4180528768098166,0.909593374632366,0.8773677124834693,0.8606337828876058,0.993929286095383,0.03766861020210412,-0.5373935319759391,False
92,,0.0,0.0,0.2,0.05,0.2,0.1,0.05,0.15,0.25,0.4180528768098165,0.8991060655509361,0.8757632579130301,0.8582994932148325,0.9939042097596663,0.03888163885129186,-0.49509824227763455,False
93,,0.1,0.2,0.1,0.0,0.05,0.2,0.0,0.05,0.3,0.4178706974296663,0.92692874914858,0.8762711950175073,0.8681267159416216,0.9940469446439548,0.025944006513190458,-0.5683676262460595,False
94,,0.05,0.15,0.1,0.0,0.05,0.3,0.25,0.05,0.05,0.4177862575170384,0.914010064356512,0.877444525677662,0.8563932966903391,0.9940415711434442,0.0689228623366822,-0.552704787005474,False
95,,0.1,0.1,0.05,0.05,0.05,0.1,0.3,0.1,0.15,0.4177862575170384,0.9095903600086008,0.8750194494402327,0.8519607870835524,0.9937998657782661,0.0754561276836913,-0.5759505564753041,False
96,,0.1,0.15,0.3,0.0,0.05,0.2,0.0,0.05,0.15,0.4177033698098111,0.9246531843786064,0.8813720388525279,0.8713795612335752,0.9941856477002303,0.029138522301838585,-0.5710418323517368,False
97,,0.35,0.1,0.0,0.05,0.05,0.0,0.1,0.3,0.05,0.4176105228882459,0.919770542794176,0.866961057751207,0.8449705949458622,0.9938906772558452,0.038623587590641516,-0.6208183932472606,False
98,,0.1,0.0,0.0,0.15,0.2,0.05,0.05,0.1,0.35,0.417594322467178,0.9031670188869771,0.8637149563876793,0.838788204639352,0.9921293064452176,0.034599915929903365,-0.5236335260250258,False
99,,0.55,0.05,0.15,0.05,0.0,0.0,0.0,0.05,0.15,0.4174303824998377,0.9216629307988587,0.8816911124638446,0.872382894330111,0.9941857430475144,0.020121789867250526,-0.7034479504148764,False
100,,0.1,0.0,0.3,0.05,0.1,0.15,0.0,0.05,0.25,0.4172159054453541,0.9141325216277068,0.8784112932729393,0.8697295668264928,0.9940362248850145,0.029918324351015074,-0.5562573579707135,False
101,,0.2,0.1,0.2,0.05,0.1,0.15,0.05,0.0,0.15,0.417208867066688,0.9230634690417934,0.8787340754548824,0.8604327081576331,0.9941746963836001,0.034821247107226304,-0.5842525225380888,False
102,,0.0,0.25,0.15,0.0,0.05,0.1,0.05,0.2,0.2,0.4171926666456201,0.9245100362830004,0.878414311921335,0.8616484421205485,0.994178047159584,0.03646161382619659,-0.5440667059791303,False
103,,0.15,0.1,0.0,0.05,0.0,0.05,0.35,0.05,0.25,0.4171716831005472,0.9138634654821038,0.8689485962719774,0.8442347147554342,0.9933841992932587,0.08152232410621045,-0.6121931927203115,False
104,,0.3,0.25,0.1,0.0,0.05,0.0,0.2,0.05,0.05,0.4169452268539239,0.9246705835444222,0.879686209107895,0.8591409946564131,0.9941769983394589,0.05532859729000021,-0.6351820042433229,False
105,,0.2,0.05,0.2,0.0,0.1,0.3,0.1,0.0,0.05,0.416929026432856,0.9170874877039844,0.8788982387255349,0.8609712841315472,0.9939870393074627,0.04380657074411122,-0.5717584077694551,False
106,,0.1,0.2,0.2,0.15,0.05,0.1,0.1,0.05,0.05,0.4169290264328559,0.926136365830462,0.882716814237074,0.8640183000963676,0.9941819427771912,0.04450920446179907,-0.5816509371627252,False
107,,0.05,0.0,0.05,0.05,0.4,0.05,0.1,0.2,0.1,0.4167554892295968,0.8931472261649621,0.873413372564095,0.8512150770247523,0.993638626710343,0.04539770478564887,-0.4383162075964211,False
108,,0.0,0.35,0.1,0.05,0.25,0.0,0.15,0.1,0.0,0.4166989254426454,0.9303958332293196,0.8766844536261055,0.8560178148747934,0.994181261725162,0.052410479897599324,-0.4968462045177807,False
109,,0.1,0.1,0.05,0.1,0.0,0.05,0.05,0.25,0.3,0.4166029846324762,0.9094660671696564,0.8789818711802196,0.8611449863956712,0.9938914740867194,0.03441053145772806,-0.5803392773881959,False
110,,0.05,0.1,0.1,0.15,0.15,0.0,0.1,0.05,0.3,0.4166029846324762,0.9080153112940664,0.878001778098434,0.859849806917408,0.993922066943873,0.043971596294251,-0.5412995277570072,False
111,,0.1,0.05,0.1,0.1,0.15,0.05,0.1,0.3,0.05,0.4166029846324762,0.9051014498317804,0.8781847099824268,0.8609244741427678,0.9938898668039304,0.044773819900524925,-0.5273491159282202,False
112,,0.05,0.05,0.1,0.0,0.1,0.05,0.1,0.1,0.45,0.4166029846324762,0.9050454298001738,0.8785582152073164,0.8598414917385134,0.9939038556126111,0.04343305898798732,-0.5474617500966389,False
113,,0.05,0.05,0.05,0.1,0.05,0.05,0.1,0.15,0.4,0.4166029846324762,0.9019860397148386,0.8771693110838347,0.8568805556917763,0.9938615622815952,0.04329087522484526,-0.5602556816588111,False
114,,0.05,0.0,0.05,0.1,0.2,0.35,0.05,0.1,0.1,0.4166029846324762,0.8974793673787128,0.8779150622976871,0.8595046356883442,0.9937488209286743,0.03736354385872623,-0.488420264739039,False
115,,0.0,0.0,0.1,0.05,0.35,0.2,0.05,0.05,0.2,0.4165696494231336,0.8974812641709918,0.8754997277232106,0.8564225864384458,0.9938321953180942,0.038228464378770456,-0.44337535639545167,False
116,,0.1,0.1,0.05,0.15,0.05,0.05,0.0,0.05,0.45,0.4164699684106063,0.9119347814959824,0.876487231281066,0.8685319383387936,0.9938894036885505,0.025607319151428207,-0.5792978935906632,False
117,,0.2,0.1,0.05,0.0,0.05,0.0,0.35,0.05,0.2,0.4163363653396981,0.911112403315294,0.8744018579437197,0.8504761346673883,0.9938820278950738,0.0813135932472926,-0.6114427064551916,False
118,,0.15,0.1,0.05,0.05,0.0,0.1,0.35,0.2,0.0,0.4163363653396981,0.9080883593725374,0.8743125317897478,0.8508438811262344,0.9937879337467137,0.08337200332597607,-0.5970493868640652,False
119,,0.05,0.05,0.1,0.0,0.0,0.25,0.35,0.15,0.05,0.4163363653396981,0.9080703706920488,0.8776735205444397,0.8549419219193423,0.9937375018439484,0.0858497035401867,-0.5654679126251592,False
120,,0.3,0.05,0.0,0.0,0.05,0.0,0.1,0.35,0.15,0.4161768311319735,0.9183038883006912,0.8671590395227399,0.8451641430905663,0.993717090714632,0.03939109618251051,-0.6038777461517477,False
121,,0.2,0.05,0.0,0.2,0.05,0.1,0.25,0.1,0.05,0.4161606307109056,0.909461118596283,0.8680287487021453,0.8436133894734408,0.9930611899368297,0.06614942392201578,-0.5978207423010438,False
122,,0.2,0.05,0.0,0.15,0.05,0.4,0.05,0.0,0.1,0.4161606307109056,0.9077781346617332,0.8667212931306055,0.8428997219079596,0.9937680334064193,0.03365760471790554,-0.5774360309971005,False
123,,0.1,0.0,0.0,0.05,0.0,0.1,0.1,0.1,0.55,0.4161606307109056,0.9017357858180604,0.8650288716320619,0.841015186771123,0.9921423554020978,0.041421025393693384,-0.5861081697392349,False
124,,0.1,0.0,0.0,0.0,0.25,0.1,0.1,0.45,0.0,0.4161606307109056,0.9002151260735732,0.8632074043433613,0.8392631225117535,0.9921348910718574,0.044430099802642266,-0.4743010740439695,False
125,,0.15,0.15,0.05,0.25,0.05,0.0,0.05,0.15,0.15,0.4157589748893477,0.9185835644882936,0.8783683473840908,0.8604608762535728,0.9939170407798972,0.034015712277502906,-0.5897020789240731,False
126,,0.05,0.25,0.05,0.05,0.2,0.05,0.05,0.0,0.3,0.4157427744682798,0.9183172388910392,0.8755445348790856,0.8568324815325498,0.9940362385060552,0.03409251878618738,-0.5244330765841165,False
127,,0.05,0.1,0.15,0.1,0.25,0.15,0.05,0.1,0.05,0.4157427744682798,0.9050466561645178,0.8747978291233016,0.8570182847094336,0.9939276379494723,0.037764385007456026,-0.4913831933157179,False
128,,0.1,0.05,0.1,0.2,0.3,0.0,0.05,0.1,0.1,0.4157427744682797,0.906477964515424,0.8758333551618572,0.8576154559172764,0.9938724182509413,0.03658324935910126,-0.4975523710965568,False
129,,0.15,0.05,0.2,0.1,0.1,0.05,0.1,0.05,0.2,0.4154953346765836,0.9170874877039844,0.8798965525560225,0.8623137935230557,0.9939872640546323,0.043992738154058374,-0.5773348427567178,False
130,,0.2,0.0,0.25,0.25,0.05,0.05,0.15,0.05,0.0,0.4154953346765836,0.9143090869602588,0.884166520693592,0.8646126257286083,0.9940700936024288,0.05322945755140912,-0.6080227397616953,True
131,,0.05,0.05,0.35,0.25,0.05,0.1,0.1,0.05,0.0,0.4154953346765836,0.9114291127963564,0.8837284290591569,0.8636327294450648,0.9941791368428308,0.04854120900520745,-0.5711825571877134,False
132,,0.1,0.1,0.2,0.2,0.05,0.05,0.2,0.05,0.05,0.4154791342555157,0.9156352368629512,0.8833524453727138,0.8644480305311998,0.9941493748691529,0.061497165438001634,-0.5863095942702998,False
133,,0.1,0.2,0.1,0.0,0.15,0.1,0.0,0.0,0.35,0.4153768318195643,0.923054078309359,0.8745171189380384,0.8652403673038875,0.9940483339900945,0.025692689370139382,-0.5471068488567444,False
134,,0.15,0.1,0.15,0.05,0.05,0.3,0.05,0.15,0.0,0.4153379978943923,0.9185727260239034,0.8778683221420538,0.8605348542773483,0.9939521081488829,0.03607809186361652,-0.5644329764283198,False
135,,0.15,0.1,0.1,0.05,0.05,0.25,0.1,0.15,0.05,0.4153217974733244,0.9140633991795792,0.8787778164063613,0.8608427934835522,0.993924627699503,0.04336361694833136,-0.5685054960390373,False
136,,0.15,0.1,0.1,0.0,0.05,0.1,0.1,0.25,0.15,0.4153217974733244,0.9125613985435156,0.8786876701701337,0.8615406131567134,0.9939311794200243,0.042759885447868934,-0.5719966816883054,False
137,,0.1,0.05,0.0,0.0,0.2,0.15,0.0,0.05,0.45,0.4152422711759308,0.907527170819309,0.8609187323764279,0.849010706599133,0.9937481943608075,0.025457125048167408,-0.5179859410922698,False
138,,0.05,0.0,0.05,0.25,0.1,0.15,0.05,0.25,0.1,0.4151530924551359,0.8945436749863768,0.8787861881549508,0.8607298833179698,0.9937401307047813,0.037450113789664334,-0.5273009224126791,False
139,,0.1,0.0,0.05,0.15,0.0,0.1,0.5,0.05,0.05,0.4150251945233478,0.8976813113830692,0.8711508764534223,0.8441114583895303,0.9927442828065827,0.10912550619721657,-0.5996827624533244,False
140,,0.05,0.2,0.25,0.2,0.25,0.0,0.0,0.05,0.0,0.4150169387194609,0.9215377820679548,0.8755086251405697,0.8654431196499207,0.9941871596357352,0.030195772857365764,-0.5110839369057363,False
141,,0.1,0.0,0.0,0.05,0.4,0.35,0.0,0.0,0.1,0.4149882633482059,0.8968404419954862,0.8543767724783715,0.84246023327054,0.9890735349583325,0.02790285626476144,-0.43900417754308585,False
142,,0.15,0.1,0.0,0.2,0.05,0.2,0.0,0.05,0.25,0.4147522311927452,0.9109551042037398,0.8630010356666088,0.8524124283658266,0.9938242133883115,0.025329442933018757,-0.57841572518887,False
143,,0.0,0.0,0.0,0.45,0.05,0.3,0.0,0.05,0.15,0.4147522311927452,0.8870053018712586,0.8581896083930179,0.8472936113429171,0.9890724861382075,0.029755833531466876,-0.5366823534113325,False
144,,0.25,0.1,0.0,0.1,0.15,0.1,0.2,0.05,0.05,0.4147269389546332,0.9138305027448912,0.8677086809562461,0.844255239847123,0.9937718336767425,0.05668059590966019,-0.5789452219773619,False
145,,0.25,0.1,0.0,0.05,0.05,0.1,0.3,0.1,0.05,0.4147269389546332,0.9123614648460402,0.8692069041269823,0.8455361832105036,0.9935347662758836,0.07270780699184218,-0.6096096214737916,False
146,,0.05,0.1,0.0,0.2,0.0,0.2,0.3,0.0,0.15,0.4147269389546332,0.9049151885446952,0.8691800016854251,0.8449281115403732,0.9935038056506342,0.07603309282204693,-0.5817552848732288,False
147,,0.15,0.0,0.0,0.15,0.2,0.1,0.2,0.1,0.1,0.4147269389546332,0.8972818170866035,0.8659501256102554,0.8410270532509969,0.9921863922263087,0.05918138918748775,-0.5339997001128407,False
148,,0.1,0.0,0.0,0.15,0.25,0.25,0.2,0.05,0.0,0.4147269389546332,0.8957798164505398,0.865523200514967,0.8402091903390124,0.9921743376053911,0.060687557302189894,-0.49781417664450955,False
149,,0.05,0.05,0.05,0.3,0.05,0.25,0.0,0.2,0.05,0.4145462366711483,0.9003371056228475,0.8772069611303763,0.8684309187504443,0.9938120089359475,0.029288918924043866,-0.5403953149778205,False
150,,0.05,0.2,0.25,0.0,0.3,0.05,0.0,0.15,0.0,0.4143814846700218,0.9216950991611436,0.8727362804964212,0.861553911135149,0.9941858247737579,0.030032115926705395,-0.48031495304731653,False
151,,0.15,0.0,0.35,0.05,0.05,0.0,0.0,0.2,0.2,0.4143652842489538,0.9171752109139292,0.8819288303198838,0.8724282370203009,0.9941817997562651,0.02971476859610613,-0.5853178804123786,False
152,,0.05,0.25,0.1,0.05,0.15,0.25,0.05,0.0,0.1,0.4143252831330754,0.921506666229272,0.8772985684131924,0.8589778493939504,0.994150845941536,0.03567219305727142,-0.5259271581835356,False
153,,0.1,0.2,0.05,0.3,0.0,0.05,0.1,0.05,0.15,0.4143252831330754,0.9171845484466647,0.8776045136758235,0.8563965065494636,0.9939559560928481,0.042615110068983324,-0.6012050906688173,False
154,,0.05,0.35,0.05,0.15,0.15,0.05,0.15,0.05,0.0,0.4143252831330753,0.9245112626473444,0.8755103934995673,0.8531148767075564,0.9941816294932578,0.051054289881269824,-0.5418078509465387,False
155,,0.15,0.1,0.05,0.2,0.1,0.05,0.05,0.3,0.0,0.4143090827120074,0.9080349853399338,0.8778371529877957,0.8601283522901891,0.9938779347723781,0.035224647869525595,-0.5556061550538216,False
156,,0.05,0.1,0.05,0.1,0.05,0.1,0.05,0.1,0.4,0.4143090827120074,0.9079260351824748,0.8783459108375762,0.860405361002631,0.9938871425958135,0.034822565852485256,-0.5601913635790328,False
157,,0.25,0.05,0.0,0.1,0.05,0.05,0.35,0.1,0.05,0.4143042995880024,0.910841475529488,0.8683198089526745,0.8435090870190467,0.9928795669816713,0.08122213618667519,-0.6142063622692884,False
158,,0.05,0.05,0.5,0.05,0.0,0.2,0.1,0.05,0.0,0.4140778433413791,0.9188069801942474,0.8786218431140543,0.8605973397749082,0.9941737701528404,0.04982266163314584,-0.5803837647157553,False
159,,0.0,0.3,0.2,0.15,0.05,0.15,0.1,0.05,0.0,0.4140616429203112,0.9246523538748868,0.8824638483645408,0.8633930995417062,0.9941766986765661,0.04580827931163267,-0.5563894932453841,False
160,,0.05,0.3,0.1,0.05,0.0,0.1,0.3,0.1,0.0,0.4140124797620308,0.9200549412108624,0.8767026782134654,0.8547873048478902,0.9941783059593551,0.07598933106447957,-0.5855358370656203,False
161,,0.05,0.25,0.05,0.05,0.25,0.0,0.2,0.15,0.0,0.413888105717052,0.9214158506193834,0.8720925497536391,0.8495112034749722,0.9941074969798748,0.05988267588794951,-0.5026339375730394,False
162,,0.15,0.1,0.05,0.1,0.2,0.25,0.1,0.05,0.0,0.413888105717052,0.9095199971386692,0.8748158338585721,0.854174760626724,0.9938924548016416,0.04323581316361171,-0.5262194399741449,False
163,,0.0,0.1,0.0,0.15,0.0,0.0,0.0,0.5,0.25,0.4138085794196584,0.903018115077817,0.8632454117930803,0.8539224969623286,0.9938094890434392,0.0280471029837548,-0.5399547291452478,False
164,,0.15,0.05,0.25,0.05,0.0,0.3,0.0,0.1,0.1,0.4135832469631885,0.920000961111936,0.8799546766654122,0.8716227855796693,0.9940349445071996,0.028871439805387294,-0.5850243544059688,False
165,,0.05,0.2,0.0,0.05,0.0,0.15,0.15,0.25,0.15,0.4135552250394495,0.9212344674974732,0.8676846192959042,0.8453932072399596,0.9939232179218024,0.05089073198032932,-0.5630750659913762,False
166,,0.15,0.05,0.05,0.0,0.0,0.05,0.4,0.1,0.2,0.4134032457756749,0.9066204785147084,0.8732945246552906,0.8481884700203353,0.9932484792448713,0.09071080397393486,-0.6086140883518889,False
167,,0.2,0.05,0.35,0.0,0.0,0.05,0.0,0.2,0.15,0.413402294540994,0.9186978854390204,0.8809164380137265,0.8719559907200473,0.9941857226159535,0.028574570592593353,-0.6098363730675236,False
168,,0.1,0.3,0.0,0.05,0.1,0.1,0.25,0.05,0.05,0.4132932471983608,0.9212350626434188,0.8676059444373603,0.845568269509868,0.994161231984982,0.06578359548371127,-0.5650345530058345,False
169,,0.05,0.1,0.0,0.1,0.15,0.1,0.3,0.1,0.1,0.4132932471983608,0.9047951759033956,0.8682474160992365,0.8446034944492244,0.9935016535262218,0.07624658043523748,-0.5307763677627391,False
170,,0.05,0.0,0.0,0.0,0.05,0.05,0.15,0.25,0.45,0.4132932471983608,0.8973004761950271,0.8653891019671813,0.8414756182836157,0.992168698494589,0.05091159945244026,-0.5503613505042182,False
171,,0.05,0.0,0.0,0.0,0.2,0.1,0.15,0.4,0.1,0.4132932471983608,0.8972818170866035,0.8645290405726682,0.8407449722168058,0.9921540831180414,0.05285832729049468,-0.484390864336418,False
172,,0.1,0.15,0.2,0.1,0.05,0.2,0.05,0.05,0.1,0.4128915913768029,0.9245280249634892,0.8798120831576624,0.8616401405167241,0.9941751867410612,0.03657315820812665,-0.5712607889981405,False
173,,0.1,0.3,0.05,0.05,0.1,0.05,0.15,0.1,0.1,0.4128915913768029,0.9244752852863672,0.8754609951217431,0.8536451483257155,0.994179913242144,0.04989396572746398,-0.5640217201141653,False
174,,0.15,0.1,0.1,0.15,0.1,0.15,0.1,0.0,0.15,0.412875390955735,0.9125613985435156,0.8786889884781978,0.8603622752631823,0.9939297355897223,0.0429183672745207,-0.5729546568399313,False
175,,0.1,0.1,0.05,0.1,0.0,0.2,0.05,0.4,0.0,0.412875390955735,0.907961607846237,0.8785100520603923,0.8603885690317674,0.9938739710495679,0.03605173203764588,-0.5562828628994403,False
176,,0.05,0.05,0.15,0.15,0.25,0.0,0.1,0.15,0.1,0.412875390955735,0.9065133106580028,0.8766806903781277,0.859194515879967,0.9939107614801875,0.04599719715879092,-0.4999929391775621,False
177,,0.05,0.25,0.05,0.1,0.1,0.05,0.15,0.05,0.2,0.4128753909557349,0.9199318386638085,0.8752305177454852,0.8533003274399579,0.9941391114150722,0.0507535139642793,-0.556145918450099,False
178,,0.2,0.15,0.05,0.0,0.15,0.2,0.2,0.0,0.05,0.4128753909557349,0.9139759445782772,0.8731442560939946,0.8508986009452965,0.9939848463199286,0.05760063687374802,-0.5641497562673375,False
179,,0.2,0.05,0.05,0.05,0.0,0.05,0.1,0.5,0.0,0.4128753909557349,0.9109725745245488,0.8771503847535799,0.8570010394664221,0.993863401122074,0.04259666379653779,-0.58286960954992,False
180,,0.15,0.05,0.1,0.15,0.1,0.25,0.05,0.05,0.1,0.4128753909557349,0.9096101369485105,0.8780572168638173,0.8602592113184504,0.9938869859538467,0.035570085294285306,-0.5590805283291839,False
181,,0.25,0.0,0.0,0.0,0.05,0.0,0.5,0.1,0.1,0.41287060783173,0.9064055707605092,0.8643164774069438,0.8378794837571623,0.9923335335172264,0.10543096449371007,-0.619137076205043,False
182,,0.1,0.1,0.5,0.0,0.1,0.05,0.05,0.1,0.0,0.4126441515851067,0.9202922185141664,0.8745654004601982,0.8573688851107782,0.9941718495861178,0.040383886216237945,-0.5660478724109005,False
183,,0.2,0.1,0.35,0.0,0.05,0.05,0.1,0.15,0.0,0.4126441515851067,0.9172348824189716,0.881323751254745,0.8641715812633985,0.9941749415623307,0.04508380164554925,-0.5999975205695085,False
184,,0.1,0.1,0.2,0.0,0.05,0.1,0.1,0.1,0.25,0.4126279511640388,0.9200561428335328,0.8808445503801983,0.8633940988160744,0.9941522829613177,0.04413148885008603,-0.5742872680070037,False
185,,0.25,0.0,0.25,0.05,0.2,0.0,0.15,0.1,0.0,0.4126279511640388,0.9155687247517762,0.8794715082391857,0.8608328178405957,0.9941183120860991,0.05215199921669077,-0.5675098008585167,False
186,,0.1,0.3,0.05,0.05,0.05,0.2,0.2,0.05,0.0,0.4126279511640388,0.9245654250962084,0.8747611095767265,0.8527353218537204,0.9941786873484915,0.05848829285778126,-0.5735965228552513,False
187,,0.05,0.15,0.15,0.05,0.0,0.0,0.25,0.2,0.15,0.4126117507429709,0.9170470283658516,0.8812205145130072,0.8621254081406043,0.9941518947616611,0.06887009898726255,-0.582804518183282,False
188,,0.05,0.25,0.05,0.0,0.25,0.0,0.2,0.1,0.1,0.4124544139607796,0.919982158863111,0.8718536138041891,0.8490850725767389,0.9941388389942605,0.05929491161451227,-0.5061179179192047,False
189,uniform,0.1111111111111111,0.1111111111111111,0.1111111111111111,0.1111111111111111,0.1111111111111111,0.1111111111111111,0.1111111111111111,0.1111111111111111,0.1111111111111111,0.4124544139607796,0.915565399815643,0.878423615965898,0.8606098472928977,0.993936110236716,0.045622811127635186,-0.5547107620715015,False
190,,0.15,0.05,0.1,0.1,0.15,0.05,0.1,0.25,0.05,0.4124544139607796,0.9096274944106004,0.8780847693540607,0.8607216155745445,0.9938956693672196,0.043840463414036,-0.5428741398037261,False
191,,0.05,0.1,0.05,0.05,0.05,0.2,0.2,0.25,0.05,0.4122533081004553,0.9050661036892016,0.8749467269276052,0.8526709779161183,0.9938640072583801,0.060838442634057584,-0.5424812862460302,False
192,,0.0,0.05,0.05,0.15,0.15,0.05,0.1,0.2,0.25,0.4122533081004553,0.8974793673787128,0.8767231149699941,0.856374712904813,0.9938482681459844,0.045113068110701295,-0.5119646934505222,False
193,,0.0,0.05,0.1,0.15,0.05,0.0,0.1,0.5,0.05,0.4122533081004553,0.8960469019867845,0.8793845980721304,0.8615974685178995,0.9938744886491101,0.046651030386519826,-0.5261076751162872,False
194,,0.1,0.05,0.15,0.05,0.15,0.3,0.1,0.05,0.05,0.4122199728911127,0.9126314956827278,0.8774984806274145,0.8598995348783982,0.9939171838008234,0.045244407806440304,-0.5277042879401508,False
195,,0.2,0.0,0.15,0.15,0.2,0.05,0.15,0.05,0.05,0.4122199728911127,0.9110773865879408,0.8784091242568196,0.8599942138267049,0.9939043868331939,0.051931854164959664,-0.5552562150453623,False
196,,0.05,0.0,0.05,0.25,0.0,0.1,0.4,0.0,0.15,0.4121907737480155,0.8946032621893104,0.8729745928959591,0.8471417992260364,0.9928130963036174,0.09350572707258635,-0.5913159473146661,False
197,,0.15,0.2,0.0,0.4,0.05,0.0,0.15,0.0,0.05,0.4121215332831771,0.9111638349973968,0.8681649281424433,0.8439231083072137,0.99392851650659,0.04988703493882639,-0.6052059837658272,False
198,,0.0,0.1,0.55,0.05,0.05,0.1,0.0,0.1,0.05,0.4119848032057894,0.9202364585820072,0.8758910367356422,0.8678056526789567,0.9941774137811967,0.034454249525786164,-0.5561110220545988,False
199,,0.15,0.05,0.0,0.05,0.05,0.1,0.35,0.2,0.05,0.4118595554420884,0.9063714509822745,0.8680858107867943,0.8441001138237378,0.9928628403438332,0.08304815174618817,-0.5786214900348452,False
200,,0.0,0.0,0.0,0.2,0.2,0.4,0.05,0.1,0.05,0.4118595554420884,0.8941870808586895,0.8643185629226122,0.8394326666554172,0.992132738947445,0.03817513894130551,-0.47304987943016497,False
201,,0.15,0.1,0.2,0.15,0.05,0.1,0.05,0.1,0.1,0.4114578996205306,0.9215743438906644,0.8798638317195883,0.8620674690179407,0.9940527199651629,0.03609709310491119,-0.5864234355586142,False
202,,0.1,0.2,0.15,0.05,0.1,0.1,0.1,0.1,0.1,0.4114578996205305,0.9274619290964042,0.8794624351241093,0.8616317484980435,0.9941776112862852,0.043671396858248744,-0.5590577984682277,False
203,,0.0,0.05,0.05,0.0,0.1,0.15,0.05,0.15,0.45,0.4114416991994626,0.9034526942083234,0.8780734625121978,0.8594922820695009,0.9938534168993254,0.0358353492065955,-0.522070799241326,False
204,,0.0,0.05,0.1,0.25,0.1,0.05,0.05,0.05,0.35,0.4114416991994626,0.899031688214079,0.8786428074574575,0.8611618036140629,0.9938718461672367,0.037086543635254876,-0.5416209168596123,False
205,,0.05,0.15,0.15,0.05,0.15,0.1,0.1,0.0,0.25,0.4114416991994625,0.9184999351669568,0.8780560343370827,0.8598018706132428,0.9940551921840289,0.04422915299733283,-0.5380208843915444,False
206,,0.05,0.15,0.1,0.1,0.15,0.15,0.05,0.0,0.25,0.4114416991994625,0.9079799651514876,0.8765421359145984,0.8585702438756001,0.9939397879176739,0.03573878414291633,-0.5326897818951608,False
207,,0.05,0.1,0.25,0.1,0.1,0.05,0.05,0.1,0.2,0.4111942594077664,0.9215773585144292,0.8792972040669439,0.8617951841860385,0.9941703376506129,0.037875815029014125,-0.551122482259786,False
208,,0.05,0.1,0.25,0.15,0.05,0.05,0.1,0.1,0.15,0.4111942594077664,0.918588331299026,0.8825787941188769,0.8644444623677459,0.994174206026139,0.04622932252929647,-0.5692451145506341,False
209,,0.05,0.1,0.25,0.1,0.05,0.05,0.2,0.15,0.05,0.4111780589866985,0.9111103493251532,0.8839111024683289,0.8657224644371186,0.9941725170171065,0.06282847796289008,-0.5666193285295069,False
210,,0.0,0.0,0.15,0.4,0.2,0.1,0.0,0.0,0.15,0.4110588020212401,0.9009704906819578,0.8768311584902693,0.8680755115645428,0.993856154728483,0.031203810973671177,-0.5089476747813937,False
211,,0.05,0.15,0.1,0.05,0.15,0.15,0.15,0.05,0.15,0.4110207222045072,0.9155480423535528,0.8772427100369249,0.8580855061437433,0.9939631207601958,0.052337939576511006,-0.5300639958740359,False
212,,0.05,0.05,0.2,0.15,0.15,0.0,0.1,0.3,0.0,0.4110207222045072,0.9081093626767908,0.8776276191529089,0.8611854127943442,0.993933760607215,0.04699873739265288,-0.5221499221375131,False
213,,0.1,0.05,0.1,0.15,0.2,0.0,0.15,0.05,0.2,0.4110207222045072,0.906495321977514,0.8777246007887283,0.858125771463098,0.9939036104338805,0.05206871599031971,-0.5362331736548689,False
214,,0.1,0.05,0.05,0.2,0.15,0.1,0.15,0.2,0.0,0.4110207222045072,0.899054745508473,0.8756824440291334,0.8533976699534116,0.993795323161231,0.05270377389916647,-0.5324652743730913,False
215,,0.05,0.0,0.05,0.2,0.1,0.3,0.0,0.05,0.25,0.4107352013855166,0.8985014698821833,0.877201435990848,0.8689515631605046,0.9937332112161641,0.028555729115219034,-0.5298243791084483,False
216,,0.1,0.1,0.1,0.15,0.1,0.35,0.0,0.1,0.0,0.4106499379762187,0.9063471621572428,0.875847051332531,0.8678987051420431,0.993904087170301,0.02858219926838592,-0.535472381544307,False
217,f1_only,0.0,0.0,0.0,0.0,0.0,1.0,0.0,0.0,0.0,0.4106103061015126,0.8929027600224394,0.855855085443331,0.8455462832153163,0.9890749174939519,0.03021368558154838,-0.4964692108570261,False
218,,0.05,0.15,0.25,0.0,0.3,0.05,0.0,0.1,0.1,0.4105181487123044,0.918563427106102,0.8725215266900743,0.8613334907793987,0.9941811255147561,0.02991228785455866,-0.48343175254303894,False
219,,0.15,0.1,0.0,0.35,0.1,0.05,0.1,0.1,0.05,0.410425863685816,0.9094529961490764,0.8671705164985659,0.8435005470537431,0.9938522931634771,0.04265355483066873,-0.5732735410440055,False
220,,0.1,0.0,0.0,0.05,0.05,0.0,0.15,0.0,0.65,0.410425863685816,0.9063145340015494,0.8654113140136328,0.8408187248262362,0.9921928077364242,0.04893545147748794,-0.5864540049869229,False
221,,0.05,0.1,0.0,0.15,0.05,0.0,0.5,0.1,0.05,0.410425863685816,0.9033360001541212,0.8679104816887029,0.8426337983676687,0.9931535474025153,0.10872948937493263,-0.5764252544515469,False
222,,0.05,0.0,0.0,0.05,0.05,0.05,0.1,0.3,0.4,0.410425863685816,0.9002151260735732,0.8649046288776941,0.8412752251072934,0.9921371725961553,0.043176776097844004,-0.5459240518107626,False
223,,0.0,0.05,0.0,0.1,0.05,0.05,0.3,0.2,0.25,0.410425863685816,0.8957947905072637,0.8677749148731382,0.8438906498403724,0.9929354881637925,0.07675371431464145,-0.5476525291372627,False
224,,0.0,0.0,0.0,0.35,0.1,0.2,0.3,0.0,0.05,0.410425863685816,0.8837434936131673,0.8667515535080641,0.8415148952143287,0.9922162495472706,0.0785202858850019,-0.5367381364949964,False
225,,0.0,0.25,0.1,0.1,0.05,0.0,0.1,0.1,0.3,0.4100080074431902,0.9199839471225318,0.8794955520318023,0.8616017957527573,0.994171338797096,0.0435629839213671,-0.5612146743199335,False
226,,0.05,0.2,0.1,0.15,0.15,0.15,0.05,0.0,0.15,0.4100080074431902,0.9184825777048669,0.8771572856601455,0.8595910365849071,0.993980038092602,0.03590463203753626,-0.5341054051151647,False
227,,0.0,0.2,0.1,0.05,0.0,0.35,0.1,0.05,0.15,0.4100080074431902,0.9155300536730644,0.8794709003918326,0.861045340021503,0.9939772866424039,0.04477365406699224,-0.5523781222991503,False
228,,0.05,0.25,0.05,0.0,0.05,0.0,0.15,0.25,0.2,0.4100080074431901,0.9184639578059794,0.8752511560185328,0.8543403441992135,0.9941391182255925,0.050641051960100665,-0.559720366014191,False
229,,0.2,0.05,0.05,0.15,0.1,0.0,0.25,0.15,0.05,0.4100080074431901,0.9095903600086008,0.874909441160064,0.8520681290344637,0.9936496733742572,0.06659785491509539,-0.5855558354590487,False
230,,0.05,0.05,0.15,0.05,0.2,0.35,0.1,0.05,0.0,0.4100080074431901,0.9080153112940662,0.8769031973604545,0.8592200288783297,0.9939089975554318,0.04646905887764355,-0.49553176953816425,False
231,,0.05,0.05,0.1,0.0,0.0,0.2,0.05,0.45,0.1,0.4100080074431901,0.9049025863856636,0.8787267814705847,0.8618741665356089,0.9938737667339591,0.037263216490387836,-0.5397093966543706,False
232,,0.0,0.05,0.25,0.25,0.3,0.0,0.05,0.05,0.05,0.4100080074431901,0.9080327380794784,0.8747912012439604,0.856732534172403,0.993953136537447,0.040236841430073285,-0.48172535522880366,False
233,,0.0,0.2,0.25,0.25,0.0,0.05,0.1,0.05,0.1,0.409760567651494,0.9159315742581586,0.8831232052653202,0.864005019034102,0.99418191553511,0.04666665817835521,-0.581212832935786,False
234,,0.05,0.0,0.3,0.05,0.0,0.25,0.05,0.05,0.25,0.409760567651494,0.9141548099354132,0.8816710145190761,0.8636079833268591,0.9939958521207211,0.038883841157625436,-0.5709628328937086,False
235,,0.05,0.05,0.45,0.0,0.0,0.05,0.15,0.2,0.05,0.409760567651494,0.9128118531349276,0.8803681942180726,0.863852250449889,0.9941745737942348,0.05705152207737146,-0.5799286651461528,False
236,,0.0,0.05,0.4,0.05,0.2,0.1,0.05,0.05,0.1,0.409760567651494,0.9126893818062723,0.8805135661326966,0.8602869696694561,0.9941809893043503,0.04123232188230652,-0.5075716555156198,False
237,,0.05,0.15,0.2,0.0,0.1,0.1,0.2,0.15,0.05,0.4097443672304261,0.9169967081665492,0.88149120865015,0.8634971048884351,0.9941732797953793,0.061844948615012864,-0.5449151901025306,False
238,,0.05,0.05,0.25,0.0,0.15,0.15,0.1,0.15,0.1,0.4097443672304261,0.9155480423535528,0.8777951306372056,0.860485376940395,0.9939880132118645,0.04682489638464091,-0.5214614553152954,False
239,,0.1,0.05,0.15,0.0,0.1,0.05,0.2,0.0,0.35,0.4097443672304261,0.9140280530370004,0.8801371908428919,0.8610754848801274,0.9939674250090206,0.05963487344091102,-0.5697930142329051,False
240,,0.0,0.2,0.05,0.0,0.05,0.0,0.3,0.3,0.1,0.409744367230426,0.9125242641415162,0.8736424038317349,0.8520635946191123,0.9940501796410938,0.07669321548402667,-0.5461638951453507,False
241,,0.0,0.1,0.05,0.05,0.05,0.15,0.3,0.0,0.3,0.409744367230426,0.9095181395559264,0.8749065037207,0.8518384788822109,0.993786891737109,0.07651554638923157,-0.5569227115494111,False
242,,0.05,0.05,0.55,0.1,0.0,0.05,0.2,0.0,0.0,0.4097438053353494,0.9205158042619636,0.8727318043100591,0.8569505524163471,0.9941711004288857,0.06644614071704362,-0.5997460360572192,False
243,,0.0,0.15,0.05,0.25,0.05,0.0,0.0,0.15,0.35,0.4097224866241996,0.9059042775937428,0.8764870274321162,0.8691348717918536,0.9939002460368561,0.02768057743249073,-0.5541982935430663,False
244,,0.05,0.05,0.25,0.0,0.25,0.05,0.1,0.2,0.05,0.4095870304482348,0.914075757351086,0.8749198754533346,0.8572345711003827,0.9939806714709893,0.04711532369255395,-0.49218427486408534,False
245,,0.15,0.05,0.05,0.05,0.15,0.1,0.2,0.0,0.25,0.4095870304482348,0.906495321977514,0.8745314421997795,0.8513271527318482,0.9937534793245544,0.05832971222039978,-0.5593955576343896,False
246,,0.05,0.05,0.05,0.0,0.15,0.0,0.25,0.0,0.45,0.4093535237457747,0.9035763919013226,0.8737221700452121,0.850132790849764,0.9936517301513856,0.06710798705351025,-0.5448122167050535,False
247,,0.0,0.0,0.05,0.15,0.0,0.3,0.25,0.25,0.0,0.4093535237457747,0.8885063461995588,0.8737031555383622,0.8494129150577665,0.9930220430661889,0.07102580401895317,-0.5398073067093629,False
248,,0.05,0.1,0.15,0.0,0.25,0.0,0.35,0.05,0.05,0.4093233902354707,0.9125075018253715,0.8756474934481602,0.8545342024211833,0.9940554441732798,0.08596667055079396,-0.5120946724568175,False
249,,0.1,0.0,0.05,0.1,0.05,0.1,0.55,0.0,0.05,0.4093233902354707,0.8961283593293045,0.8704229045102727,0.8433459124795804,0.9927439014174464,0.11714630172751897,-0.587474968388012,False
250,,0.1,0.0,0.6,0.0,0.05,0.0,0.0,0.1,0.15,0.4091174196932446,0.9172504459903684,0.8721728424106759,0.8646672083855196,0.9941758814141309,0.03332295590233415,-0.5857502501210242,False
251,,0.25,0.05,0.1,0.05,0.2,0.0,0.35,0.0,0.0,0.4090869044529966,0.9125460950715664,0.8751612745619757,0.8525208249219203,0.9938719619460816,0.08246695739803975,-0.5775566732391452,False
252,,0.05,0.15,0.1,0.0,0.0,0.0,0.6,0.1,0.0,0.409053569243654,0.9096798686000438,0.8671574438450311,0.8431928514210146,0.993927726486236,0.12550870797574976,-0.5960785264562445,False
253,,0.0,0.05,0.8,0.0,0.1,0.05,0.0,0.0,0.0,0.409020235547375,0.9140873308700684,0.8632367018808437,0.853504185449575,0.9941692615884068,0.037560774265559,-0.5545343226124577,False
254,,0.0,0.0,0.2,0.0,0.15,0.1,0.0,0.0,0.55,0.4086976589129488,0.9067201324075874,0.8751570343244045,0.8656373771022672,0.9939189749676602,0.029143570323150875,-0.5222904000971611,False
255,,0.1,0.05,0.1,0.25,0.15,0.1,0.1,0.15,0.0,0.4085743156869178,0.9035969905083612,0.8787346397207333,0.8601738115779365,0.9938837373356673,0.045188074002434825,-0.5369357807767379,False
256,,0.05,0.15,0.05,0.15,0.15,0.05,0.15,0.2,0.05,0.4085743156869177,0.9110600291258508,0.8741564928775901,0.8528110099580065,0.9939179397685758,0.05247108317105714,-0.5262176382128273,False
257,,0.0,0.05,0.1,0.15,0.0,0.15,0.05,0.1,0.4,0.4085743156869177,0.9019320344638364,0.8791248902519813,0.8616056772832467,0.9938779075302969,0.03670407668239556,-0.561833251879377,False
258,,0.1,0.0,0.35,0.05,0.05,0.1,0.05,0.1,0.2,0.4083268758952216,0.9141721673975032,0.8827573220287164,0.8642441227306372,0.9941762491822268,0.03871048530316347,-0.5747495728797087,False
259,,0.05,0.0,0.25,0.05,0.1,0.2,0.1,0.1,0.15,0.4083106754741537,0.914081387860068,0.8791027637294769,0.8619478367683769,0.9939436154300783,0.0470121828192339,-0.5377369654559299,False
260,,0.05,0.05,0.3,0.15,0.05,0.0,0.4,0.0,0.0,0.4083106754741537,0.9127180589737276,0.8801469824596428,0.8605649505416506,0.9941570298939616,0.09625882127420567,-0.5869920309949436,False
261,,0.0,0.0,0.4,0.15,0.0,0.1,0.0,0.1,0.25,0.4076345647786917,0.914184699409752,0.8820006962119029,0.8724165793358709,0.9941804444627269,0.03282154602617615,-0.5693475470068273,False
262,,0.15,0.05,0.0,0.35,0.0,0.25,0.1,0.0,0.1,0.4075584801732712,0.9049991026996088,0.8674161601198866,0.8428495853289321,0.9936618982581822,0.04279568871958974,-0.597646314393651,False
263,,0.15,0.0,0.0,0.55,0.0,0.1,0.15,0.0,0.05,0.4075584801732712,0.8872876426384636,0.8653953106700493,0.8396465386635288,0.9921456108307977,0.05170830478930813,-0.6118369253407758,False
264,,0.05,0.05,0.1,0.25,0.05,0.35,0.0,0.05,0.1,0.4072277127962166,0.9021816287938068,0.8770215793015813,0.8684030746274802,0.9938602001775366,0.029472667377450558,-0.5447658938238045,False
265,,0.0,0.1,0.2,0.1,0.2,0.15,0.1,0.15,0.0,0.4071406239306454,0.9154938799046888,0.876824230239001,0.8596465348807176,0.9939602262890714,0.04749522485510038,-0.4943479825815018,False
266,,0.05,0.1,0.15,0.45,0.05,0.15,0.05,0.0,0.0,0.4071406239306454,0.9039945549389236,0.8792506726982622,0.8603472638286437,0.9939228842063081,0.038296996189354685,-0.5696495157061688,False
267,,0.05,0.0,0.05,0.1,0.15,0.1,0.1,0.05,0.4,0.4071406239306454,0.8989987254768664,0.8763358682393628,0.855061412878421,0.9936602433017512,0.04374831391311871,-0.5300798938692768,False
268,,0.1,0.05,0.15,0.1,0.05,0.05,0.35,0.15,0.0,0.4068769837178813,0.9110570145020858,0.8801726212283226,0.858459576151134,0.9939714977001554,0.08576306492166345,-0.5783218998103022,False
269,,0.05,0.2,0.1,0.15,0.15,0.0,0.25,0.05,0.05,0.4068769837178813,0.9184286116634008,0.8769777732026698,0.8558764506752792,0.9941307889592749,0.06863727087168182,-0.5459422868693335,False
270,,0.05,0.0,0.15,0.0,0.2,0.1,0.2,0.05,0.25,0.40671964693569,0.9035763919013226,0.8781040787561833,0.8586866473593378,0.9938639459636974,0.0615674130666376,-0.5160757995059756,False
271,,0.1,0.0,0.05,0.1,0.05,0.3,0.25,0.05,0.1,0.40671964693569,0.8990927768595909,0.8739144624348921,0.8496152251711361,0.9930363860219247,0.06858642672276198,-0.5617044435787127,False
272,,0.0,0.0,0.05,0.0,0.2,0.15,0.25,0.15,0.2,0.40671964693569,0.8900587155919757,0.8727727803248003,0.8483549599281227,0.9930303246588644,0.06984868822347585,-0.4917024850777302,False
273,,0.1,0.1,0.15,0.05,0.2,0.0,0.3,0.05,0.05,0.4064560067229259,0.9110240517648732,0.877433738994171,0.8573053136771553,0.99408409603215,0.07701251853400334,-0.5398274903976417,False
274,,0.0,0.0,0.3,0.05,0.1,0.05,0.25,0.2,0.05,0.4064560067229259,0.9066067308223288,0.8835106003406262,0.8658879138694048,0.9940949451909759,0.07311645842066208,-0.5339869070225147,False
275,,0.05,0.05,0.0,0.15,0.1,0.1,0.25,0.05,0.25,0.4061247884169988,0.8972818170866035,0.8676461170768895,0.8433633365172016,0.9930528811020729,0.06783508460730507,-0.5501091628547192,False
276,,0.0,0.0,0.0,0.2,0.25,0.05,0.2,0.2,0.1,0.4061247884169988,0.8942778158144763,0.8656245239306158,0.8408885168603453,0.9921725260069933,0.06203725601064314,-0.479322561741893,False
277,,0.0,0.05,0.0,0.1,0.05,0.05,0.45,0.2,0.1,0.4061247884169988,0.8942472632075686,0.8680913892653451,0.8435463539601497,0.9928068033828672,0.1017214771987389,-0.5505124841791512,False
278,,0.1,0.0,0.05,0.35,0.05,0.0,0.15,0.05,0.25,0.405706932174373,0.8962880023945334,0.8756424220824541,0.8523864761961158,0.9933858474391695,0.05186854389952851,-0.5864825325998739,False
279,,0.05,0.0,0.2,0.2,0.3,0.05,0.15,0.0,0.05,0.405706932174373,0.9050466561645178,0.8771206770517141,0.8588981227772997,0.9939121508263272,0.05529813903069325,-0.4928393872450446,False
280,,0.05,0.0,0.15,0.15,0.0,0.15,0.05,0.35,0.1,0.405706932174373,0.8990709459295408,0.8791192005949927,0.861874333437241,0.9938700209477983,0.038307865610962374,-0.5533090665692357,False
281,,0.0,0.05,0.1,0.3,0.25,0.1,0.15,0.0,0.05,0.405706932174373,0.8975309139423593,0.8778969214096067,0.8578892526582572,0.9938806317384139,0.054911849875403915,-0.4941140946949474,False
282,,0.1,0.05,0.25,0.0,0.1,0.25,0.2,0.0,0.05,0.4054432919616089,0.909609505730112,0.8826941441892487,0.8640541684300771,0.9941460921983719,0.062261387796529746,-0.5555334051087724,False
283,,0.0,0.1,0.25,0.05,0.05,0.0,0.15,0.05,0.35,0.4054432919616089,0.9155300536730642,0.8831537445006277,0.8651145652846833,0.994174110678855,0.0540335434624548,-0.5656519730133918,False
284,,0.0,0.15,0.6,0.0,0.0,0.0,0.25,0.0,0.0,0.4054427300665323,0.9234694853347885,0.8574099997250282,0.8446557337742012,0.9941604692067092,0.0749800134778393,-0.5948188990946954,False
285,,0.05,0.0,0.2,0.15,0.2,0.0,0.3,0.1,0.0,0.4050223149666535,0.908125493774537,0.8796393673648923,0.8606683038240701,0.9938901528457827,0.07964261533190138,-0.524459506856473,False
286,,0.05,0.0,0.15,0.05,0.25,0.05,0.25,0.1,0.1,0.4050223149666535,0.9050100836575948,0.8772328792619155,0.8571549811679148,0.9938219727271352,0.07048754250932433,-0.5009106480469689,False
287,,0.0,0.0,0.15,0.15,0.05,0.15,0.2,0.1,0.2,0.4050038472137539,0.8989633793342876,0.8809935896956474,0.8613950630020241,0.9938538391515835,0.06286972380436484,-0.548048114162489,False
288,,0.2,0.1,0.1,0.05,0.05,0.0,0.45,0.0,0.05,0.404989352229441,0.9111645117740172,0.8730875817692799,0.849805530656984,0.9939453384917122,0.09876565623465881,-0.6187731679007273,False
289,,0.05,0.1,0.15,0.25,0.2,0.05,0.1,0.05,0.05,0.4042732404181006,0.9110735443383794,0.87753191980852,0.8598478113906067,0.9939344076066429,0.04592841510918646,-0.5225836761043603,False
290,,0.1,0.1,0.05,0.3,0.05,0.2,0.1,0.1,0.0,0.4042732404181006,0.903680273444876,0.876973721284051,0.8553739130637752,0.9938833968096527,0.044302626680313185,-0.566737182412725,False
291,,0.0,0.0,0.15,0.05,0.05,0.2,0.2,0.05,0.3,0.4042732404181006,0.90352607170202,0.8807449498203933,0.8613358531666223,0.9938602682827395,0.062241262117462816,-0.5469972700252305,False
292,,0.0,0.1,0.15,0.5,0.05,0.0,0.05,0.1,0.05,0.4042732404181006,0.8950811375310065,0.8793603872191887,0.8611103235556008,0.9939170544009378,0.03898953304580947,-0.562672321380425,False
293,,0.1,0.05,0.1,0.05,0.15,0.15,0.2,0.0,0.2,0.4042732404181005,0.90805211628084,0.8772865610141577,0.8561072429761116,0.9938753127220655,0.06002925902472525,-0.5447595340263995,False
294,,0.05,0.0,0.05,0.3,0.05,0.1,0.05,0.3,0.1,0.4042732404181005,0.894509555208142,0.8789407687936819,0.8604225542134089,0.9937393134423461,0.03747571125290522,-0.5444726381239349,False
295,v1_rubric,0.0,0.0,0.35,0.15,0.15,0.35,0.0,0.0,0.0,0.4039916148568819,0.9118170978205,0.8776693107582102,0.8681278619026256,0.9939748961497813,0.03375782336595383,-0.5064842532639455,False
296,,0.05,0.0,0.15,0.3,0.0,0.1,0.05,0.0,0.35,0.4028395486618282,0.902193576280762,0.8798460006956023,0.8618706900612559,0.9938790244556249,0.03708624154196323,-0.5869497441388125,False
297,,0.05,0.05,0.2,0.1,0.1,0.15,0.1,0.1,0.15,0.4028395486618281,0.914081387860068,0.8788842778515139,0.8616661724238234,0.9939449911551773,0.046140968170534966,-0.5422717899393488,False
298,,0.1,0.0,0.35,0.0,0.1,0.1,0.25,0.1,0.0,0.4025759084490641,0.9096481322271752,0.8841103337626662,0.8659167909222764,0.9941710527552436,0.07196991594304834,-0.5613935323253401,False
299,,0.0,0.05,0.25,0.4,0.15,0.0,0.1,0.05,0.0,0.4025759084490641,0.9069128898691696,0.8795328389838408,0.8609080648630738,0.9939567461132021,0.04865218867485414,-0.5341866154067688,False
300,,0.0,0.0,0.3,0.15,0.25,0.05,0.1,0.05,0.1,0.4014058569055557,0.9139924744145708,0.8763763108174635,0.8585690919243635,0.9939654635791764,0.048827779483144006,-0.4942647206666727,False
301,,0.0,0.0,0.25,0.25,0.25,0.0,0.1,0.1,0.05,0.4014058569055557,0.9049938772778596,0.8765763686733459,0.8595907012049245,0.9939251589200858,0.0486953732612177,-0.4944241627687167,False
302,,0.0,0.0,0.15,0.3,0.25,0.1,0.15,0.0,0.05,0.4014058569055557,0.8960289133062957,0.8789836309699948,0.8600540029633534,0.9938756055744381,0.05582376193756725,-0.4941140946949474,False
303,,0.0,0.05,0.35,0.1,0.3,0.0,0.15,0.05,0.0,0.4011422166927916,0.9081099578227364,0.8789926276380741,0.8589413375983076,0.994178162938429,0.05745307635993121,-0.4838421324395016,False
304,,0.0,0.1,0.05,0.15,0.15,0.1,0.2,0.05,0.2,0.3999721651492833,0.9034513925619898,0.874534639330939,0.8515688601947173,0.9938630537855392,0.06107077717147768,-0.5227767334745204,False
305,,0.0,0.05,0.15,0.25,0.1,0.0,0.15,0.1,0.2,0.3999721651492833,0.900661298116025,0.8802943387290013,0.8617280425519184,0.9939160873070563,0.05448726439114213,-0.5444213573571264,False
